source,split,original_index,audio_path,speaker_id,gender,age,sentence,word,target_sound,phone,phone_score,label
speechocean762,test,2202,096010004.wav,speechocean_9601,m,25,"SHE OPENED HER EYES, STARING UP AT HIM.",staring,r,R,0.0,unclear
speechocean762,train,2229,096140011.wav,speechocean_9614,f,28,YOU COULD ALWAYS TELL WHAT WAS ON MY MIND.,was,z,Z,0.0,unclear
speechocean762,train,2422,096430004.wav,speechocean_9643,f,25,"NO SUCH LUCK GRACED HER, HOWEVER.",graced,r,R,0.4,unclear
speechocean762,train,138,000530163.wav,speechocean_0053,f,6,WHERE DID THAT COME FROM,from,r,R,0.0,unclear
speechocean762,test,1561,030140010.wav,speechocean_3014,m,9,I AM TO HAVE THE DRIVING OF THEM,driving,r,R,2.0,clear
speechocean762,test,309,001490080.wav,speechocean_0149,f,7,CASEY LIKES YOUR BLUE BOOTS,boots,s,S,2.0,clear
speechocean762,test,1238,021160310.wav,speechocean_2116,f,20,SHE WAS ABOUT TO GET LUCKY SHE COULD JUST TELL,was,z,Z,2.0,clear
speechocean762,test,2033,085810119.wav,speechocean_8581,f,15,HE PUT THE THING BACK INTO THE DRIVER,driver,r,R,2.0,clear
speechocean762,test,2294,096170018.wav,speechocean_9617,f,35,HE WAS TALENTED IN MORE THINGS THAN I WAS.,things,th,TH,2.0,clear
speechocean762,test,303,001490032.wav,speechocean_0149,f,7,FOUR TWO SIX SIX,six,s,S,2.0,clear
speechocean762,train,2177,096090025.wav,speechocean_9609,m,27,"BUT WHERE WAS SHE, THAT SHE SEEMED SO ABSENT?",absent,s,S,0.0,unclear
speechocean762,train,2217,096130019.wav,speechocean_9613,f,33,HE TURNED AROUND TO FACE HER.,face,s,S,0.0,unclear
speechocean762,train,679,012600368.wav,speechocean_1260,m,25,SHE'S ONE OF THESE WILD FELLOWS,fellows,z,Z,2.0,clear
speechocean762,train,1101,022360126.wav,speechocean_2236,m,22,THE ONLY THING HAVE TO PAY IS ATTENTION,thing,th,TH,1.8,clear
speechocean762,train,2090,096000012.wav,speechocean_9600,f,28,THIS WAS THE MAN WHO HAD KILLED HIS FATHER.,was,z,Z,0.8,unclear
speechocean762,train,1827,060480084.wav,speechocean_6048,m,12,HE STOPPED IN HIS WALK AND LOOKED AROUND,around,r,R,2.0,clear
speechocean762,test,407,005630147.wav,speechocean_0563,f,22,HOW OLD IS THE INNER YOU,is,z,Z,1.8,clear
speechocean762,test,776,011810284.wav,speechocean_1181,m,23,LET ME KNOW IF YOU HAVE ANYTHING HE CAN ATTEND,anything,th,TH,0.6,unclear
speechocean762,test,1065,020020174.wav,speechocean_2002,f,28,BIG THANK YOU TO THEM,thank,th,TH,2.0,clear
speechocean762,test,897,014040148.wav,speechocean_1404,m,7,HE LIKES THE FAMOUS CITY SYDNEY,famous,s,S,0.8,unclear
speechocean762,train,333,004820265.wav,speechocean_0482,m,28,JUST TELL ME IF YOU FEEL THE SAME WAY TOO,just,s,S,2.0,clear
speechocean762,train,1716,054080163.wav,speechocean_5408,m,11,HE MUST LEAVE HIS MONEY TO SOMEBODY,must,s,S,2.0,clear
speechocean762,train,2490,096490011.wav,speechocean_9649,m,20,HER THIN WHITE FINGERS WERE GRIPPING ITS SIDES.,thin,th,TH,0.2,unclear
speechocean762,test,361,004570071.wav,speechocean_0457,f,21,YOU HAD TO STAY WITH LEADERS,leaders,s,S,2.0,clear
speechocean762,train,1223,024020069.wav,speechocean_2402,f,21,THERE WAS NO REQUEST MADE FOR THE GUARD TODAY,request,r,R,2.0,clear
speechocean762,train,1370,030020117.wav,speechocean_3002,m,9,EVERY ONE LOVES HER,loves,z,Z,1.8,clear
speechocean762,train,952,020590228.wav,speechocean_2059,f,21,GUN DEATH AT THE BOTTOM OF THE LIST,death,th,TH,2.0,clear
speechocean762,test,497,008110307.wav,speechocean_0811,f,20,THERE WAS A GENTLE KNOCK ON THE DOOR,was,z,Z,2.0,clear
speechocean762,test,2432,096330016.wav,speechocean_9633,f,21,HE WAS ALWAYS UP TO NO GOOD.,always,z,Z,2.0,clear
speechocean762,test,408,005630151.wav,speechocean_0563,f,22,NOT FOR HIMSELF BUT FOR THE OTHERS,himself,s,S,2.0,clear
speechocean762,train,1423,030230060.wav,speechocean_3023,m,19,AUTHORITIES CLAIMS THAT THE KILLINGS WERE THE CRIME OF ANGER,authorities,th,TH,2.0,clear
speechocean762,train,241,001040026.wav,speechocean_0104,f,6,FIVE SIX FIVE SIX,six,s,S,2.0,clear
speechocean762,test,723,011350064.wav,speechocean_1135,m,25,IN COLLEGE YOU COULD GET AWAY WITH THINGS,things,th,TH,2.0,clear
speechocean762,test,2216,096010020.wav,speechocean_9601,m,25,SOMEWHERE THERE HAD TO BE A PLACE BETTER THAN THIS.,there,r,R,2.0,clear
speechocean762,test,2131,091180091.wav,speechocean_9118,f,15,WOULD THE GENTLEMAN STATE HIS BUSINESS PLEASE,state,s,S,2.0,clear
speechocean762,train,2119,096040025.wav,speechocean_9604,f,21,THERE WAS NOTHING TO BE GAINED BY IT.,was,z,Z,0.0,unclear
speechocean762,test,1840,054280012.wav,speechocean_5428,f,11,NOTHING I SHOULD LIKE SO MUCH,so,s,S,2.0,clear
speechocean762,train,2177,096090025.wav,speechocean_9609,m,27,"BUT WHERE WAS SHE, THAT SHE SEEMED SO ABSENT?",where,r,R,0.0,unclear
speechocean762,test,1463,028970039.wav,speechocean_2897,m,20,SO FAR NO ONE IS EXPECTED TO LOSE THEIR JOB,their,r,R,1.8,clear
speechocean762,train,2109,096040011.wav,speechocean_9604,f,21,I WONDER WHAT WAS GOING ON OVER THERE.,there,r,R,0.0,unclear
speechocean762,train,477,010120334.wav,speechocean_1012,m,29,I HAD JUST COME IN FROM THE STREET,street,r,R,1.8,clear
speechocean762,test,1433,027400276.wav,speechocean_2740,m,20,THAT IS NOT A SALARY,is,z,Z,2.0,clear
speechocean762,test,1352,024480241.wav,speechocean_2448,f,19,HE WAS TRYING TO KEEP YOU SAFE,trying,r,R,2.0,clear
speechocean762,test,448,007360205.wav,speechocean_0736,f,21,WHAT IS GOING ON IN MY LIFE RIGHT NOW,right,r,R,2.0,clear
speechocean762,train,133,000530109.wav,speechocean_0053,f,6,MIKE CAN SEE THE TRAIN,see,s,S,2.0,clear
speechocean762,train,43,000060031.wav,speechocean_0006,f,6,FIVE TWO FOUR SEVEN,seven,s,S,2.0,clear
speechocean762,train,128,000530060.wav,speechocean_0053,f,6,SIR THREE PLANTING GRAFF,three,th,TH,1.8,clear
speechocean762,test,2409,096310010.wav,speechocean_9631,m,26,AND THEN THERE WAS HER FACE.,there,r,R,0.0,unclear
speechocean762,test,1141,020270005.wav,speechocean_2027,m,8,JIM CAN DRAW THE ZEBRA,zebra,r,R,0.0,unclear
speechocean762,test,2387,096290009.wav,speechocean_9629,f,25,I THOUGHT FOR SURE SHE WOULD SAY SOMETHING.,something,th,TH,1.8,clear
speechocean762,train,959,020590376.wav,speechocean_2059,f,21,THE REBELS HAD COME UPON HIS LAND,rebels,r,R,2.0,clear
speechocean762,train,1615,038370142.wav,speechocean_3837,f,12,WHAT'S WILL ONLY BE THREE MONTH,three,r,R,2.0,clear
speechocean762,test,452,007360249.wav,speechocean_0736,f,21,THEN A FRIEND OF THE WORLD,friend,r,R,0.8,unclear
speechocean762,train,574,010440119.wav,speechocean_1044,f,7,TINA IS DRAWING THE MUSHROOM,drawing,r,R,2.0,clear
speechocean762,train,26,000050047.wav,speechocean_0005,m,6,SIX FIVE THREE,six,s,S,2.0,clear
speechocean762,train,49,000060083.wav,speechocean_0006,f,6,MARK GOT SOME NOODLES,mark,r,R,2.0,clear
speechocean762,test,132,000940093.wav,speechocean_0094,m,6,HERE IS YOUR NEW PANTS,is,z,Z,2.0,clear
speechocean762,test,666,010760060.wav,speechocean_1076,m,7,DOES JUNE LIKE THE NOODLES,does,z,Z,1.8,clear
speechocean762,test,2236,096080024.wav,speechocean_9608,f,30,THE OTHER PEOPLE IN THE RESTAURANT WERE LOOKING AT US.,restaurant,r,R,0.0,unclear
speechocean762,train,288,001350194.wav,speechocean_0135,f,20,THE GOOD THING IS THAT WE CAN SEE THE GAME,is,z,Z,2.0,clear
speechocean762,train,2296,096190017.wav,speechocean_9619,m,24,WHAT ELSE WAS THERE LEFT TO DO?,there,r,R,0.4,unclear
speechocean762,test,2223,096080007.wav,speechocean_9608,f,30,THE SAME LOOK OF CONFUSION IS ON HIS FACE.,is,z,Z,0.4,unclear
speechocean762,train,704,013360123.wav,speechocean_1336,m,24,IT IS A GOOD POINT,is,z,Z,2.0,clear
speechocean762,test,2133,091180110.wav,speechocean_9118,f,15,SHALL YOU STATE AT ONCE,once,s,S,2.0,clear
speechocean762,train,2468,096460010.wav,speechocean_9646,f,21,WHAT HAD HAPPENED SINCE THEN?,since,s,S,0.0,unclear
speechocean762,train,184,000700019.wav,speechocean_0070,f,6,DORA CAN DRAW THE ZEBRA,draw,r,R,2.0,clear
speechocean762,test,2003,081530018.wav,speechocean_8153,f,14,I AM GOING TO THE WAR,war,r,R,2.0,clear
speechocean762,test,981,014690006.wav,speechocean_1469,m,6,JAYME IS GOING TO SEE CAT,is,z,Z,1.8,clear
speechocean762,test,1162,020300017.wav,speechocean_2030,m,8,TINA WENT TO SEE GOAT,see,s,S,2.0,clear
speechocean762,test,693,010990239.wav,speechocean_1099,m,43,NO YOU ARE VERY CREATIVE,creative,r,R,2.0,clear
speechocean762,test,709,011090246.wav,speechocean_1109,m,30,YES THANK YOU FOR REMINDING ME,thank,th,TH,2.0,clear
speechocean762,train,1540,032080019.wav,speechocean_3208,f,9,I SEE HIM THERE,there,r,R,2.0,clear
speechocean762,test,1909,060670049.wav,speechocean_6067,f,12,I WAS ANGRY WHEN I WROTE THEM,wrote,r,R,0.6,unclear
speechocean762,train,2003,085850042.wav,speechocean_8585,m,15,WE BUY SOME NICE A CLOTHES FOR OUR SALES,some,s,S,2.0,clear
speechocean762,test,1803,052200044.wav,speechocean_5220,m,11,HE WAS TO BE AWAY A LONG LONG TIME,was,z,Z,2.0,clear
speechocean762,test,2437,096330021.wav,speechocean_9633,f,21,HE WAS NOT HARD TO SEE FROM WHERE SHE WAS.,was,z,Z,0.4,unclear
speechocean762,test,1773,050390090.wav,speechocean_5039,f,12,NOTHING OF THE KIND HERE SIR,nothing,th,TH,1.8,clear
speechocean762,test,527,010300157.wav,speechocean_1030,m,27,IT'S HARD TO LET GO OF TRADITIONS,traditions,r,R,2.0,clear
speechocean762,train,2399,096340023.wav,speechocean_9634,m,32,WE HAVE TO DO SOMETHING WITH HIM.,with,th,TH,0.0,unclear
speechocean762,train,2119,096040025.wav,speechocean_9604,f,21,THERE WAS NOTHING TO BE GAINED BY IT.,nothing,th,TH,0.4,unclear
speechocean762,test,2150,095530083.wav,speechocean_9553,f,15,BUT WHAT CAN BE THEIR AM,their,r,R,2.0,clear
speechocean762,test,2135,091180151.wav,speechocean_9118,f,15,I SAVED MY CHICKENS THROUGH,through,th,TH,2.0,clear
speechocean762,train,20,000050003.wav,speechocean_0005,m,6,MIKE LIKES THE WHITE ONE,likes,s,S,2.0,clear
speechocean762,test,1196,020310297.wav,speechocean_2031,f,21,LIFE'S A BEACH AS IT WERE,as,z,Z,2.0,clear
speechocean762,test,2487,096470011.wav,speechocean_9647,f,20,NOTHING BUT AN IMMENSE SEA.,sea,s,S,0.4,unclear
speechocean762,test,1768,050390057.wav,speechocean_5039,f,12,SO SHE HAD BETTER STUDY ME,study,s,S,2.0,clear
speechocean762,train,337,004820370.wav,speechocean_0482,m,28,I SHUT MY EYES FOR ONE BREATH,breath,r,R,2.0,clear
speechocean762,test,2379,096260022.wav,speechocean_9626,m,37,HE WAS MORE THAN JUST A FATHER.,just,s,S,0.4,unclear
speechocean762,test,1696,036310148.wav,speechocean_3631,f,9,THEN MISS BROWN TURNED ROUND IN HER CHAIR,brown,r,R,2.0,clear
speechocean762,train,254,001040120.wav,speechocean_0104,f,6,MARY CAN SEE THE BOOKSTORE,bookstore,r,R,2.0,clear
speechocean762,train,135,000530115.wav,speechocean_0053,f,6,THEN TOM WALKS TO ART ROOM,room,r,R,2.0,clear
speechocean762,train,679,012600368.wav,speechocean_1260,m,25,SHE'S ONE OF THESE WILD FELLOWS,she's,z,Z,2.0,clear
speechocean762,train,2495,096490016.wav,speechocean_9649,m,20,THROUGH HEARING ONLY HIS VOICE.,hearing,r,R,0.0,unclear
speechocean762,train,601,010920024.wav,speechocean_1092,m,8,MANDY LIVE IN BRITAIN,britain,r,R,2.0,clear
speechocean762,train,755,013720256.wav,speechocean_1372,f,21,BUT YOU KNOW WHAT THIS MEAN RIGHT,right,r,R,2.0,clear
speechocean762,test,316,001490153.wav,speechocean_0149,f,7,AT SCHOOL BEN WAS PLAYING,school,s,S,2.0,clear
speechocean762,train,722,013620106.wav,speechocean_1362,f,21,IF YOU MISS THERE'S A RARELY CONSEQUENCE,rarely,r,R,2.0,clear
speechocean762,test,2057,085840147.wav,speechocean_8584,f,15,I AS A WOMAN THINK DIFFERENTLY,differently,r,R,2.0,clear
speechocean762,train,1109,022360231.wav,speechocean_2236,m,22,INTERESTING FIRST HALF OF GAMES,interesting,r,R,2.0,clear
speechocean762,train,376,005750303.wav,speechocean_0575,f,19,IT IS A GREAT RESOURCE,is,z,Z,2.0,clear
speechocean762,train,530,010330197.wav,speechocean_1033,m,30,IT'S A GOOD THING THAT THE GOVERNMENT IS LISTENING,thing,th,TH,2.0,clear
speechocean762,test,1454,028920235.wav,speechocean_2892,m,24,I THINK YOU CAN TAKE IT YOURSELF,think,th,TH,2.0,clear
speechocean762,train,756,013720274.wav,speechocean_1372,f,21,I WANT TO SEE YOU IN THE QUARTER FINALS,finals,z,Z,1.8,clear
speechocean762,test,1491,029170197.wav,speechocean_2917,m,19,I WANT TO BE A PART OF THIS THREAD,thread,th,TH,2.0,clear
speechocean762,test,2069,090880120.wav,speechocean_9088,f,15,THINK OF ME AS THROUGH I WERE YOU SISTER,sister,s,S,0.4,unclear
speechocean762,test,1413,025380217.wav,speechocean_2538,f,21,WELL THAT WAS JUST RIDICULOUS,was,z,Z,1.8,clear
speechocean762,test,947,014220058.wav,speechocean_1422,m,7,DOES JAYME LIKE THE BREAD,bread,r,R,0.0,unclear
speechocean762,test,387,004610177.wav,speechocean_0461,m,23,IT'S GOING TO BE A BUSY WEEK,busy,z,Z,0.8,unclear
speechocean762,train,1184,022820062.wav,speechocean_2282,f,21,HE PROBABLY IS THE MOST TALENTED IN THE SECONDARY,is,z,Z,2.0,clear
speechocean762,train,2230,096140012.wav,speechocean_9614,f,28,I ASKED AS SHE CLOSED THE DOOR.,as,z,Z,2.0,clear
speechocean762,test,1579,030140173.wav,speechocean_3014,m,9,YES WHO WAS IT,was,z,Z,2.0,clear
speechocean762,test,1538,030070152.wav,speechocean_3007,m,10,SOME OF THEM HAD TO WAIT THERE FOR YEARS,there,r,R,2.0,clear
speechocean762,train,1139,022420362.wav,speechocean_2242,m,20,THEY BOTH LAUGHED AND FOR A LONG TIME,both,th,TH,2.0,clear
speechocean762,train,2437,096430019.wav,speechocean_9643,f,25,THIS FLOOR LOOKED REALLY RUN DOWN.,really,r,R,0.4,unclear
speechocean762,train,2257,096150026.wav,speechocean_9615,f,21,I ACTUALLY OPENED MY EYES AND SAW WHERE I WAS.,where,r,R,0.4,unclear
speechocean762,test,2220,096080003.wav,speechocean_9608,f,30,YOU MUST NOT THINK OF THE PAST NOW.,think,th,TH,0.8,unclear
speechocean762,train,982,020890112.wav,speechocean_2089,f,20,BUT THOSE ARE NOT MY DECISIONS,those,z,Z,1.8,clear
speechocean762,test,2272,096120013.wav,speechocean_9612,f,20,"I AM A PLAIN MAN, AND SAY WHAT I THINK.",think,th,TH,2.0,clear
speechocean762,test,259,001200350.wav,speechocean_0120,f,19,HE LOOKED AT HIM LONG AND CURIOUSLY,curiously,s,S,2.0,clear
speechocean762,test,638,010610165.wav,speechocean_1061,f,7,AND THIS IS HAIR BOOK,hair,r,R,2.0,clear
speechocean762,train,2009,085850092.wav,speechocean_8585,m,15,THE THIRD BLOW WAS THE ONE THAT KILLED IT,third,th,TH,2.0,clear
speechocean762,train,1556,032080132.wav,speechocean_3208,f,9,SHE HAS THAT FROM ME,has,z,Z,2.0,clear
speechocean762,train,916,020340156.wav,speechocean_2034,m,8,ONE TWO THREE AND THERE YOU ARE,three,th,TH,1.8,clear
speechocean762,train,422,008130091.wav,speechocean_0813,f,20,THREE OF THE VICTIMS WERE LISTED IN SERIOUS CONDITION,three,th,TH,2.0,clear
speechocean762,train,70,000260075.wav,speechocean_0026,f,6,HE LIKES RACING,racing,r,R,2.0,clear
speechocean762,test,1276,023270319.wav,speechocean_2327,f,22,I WANT YOUR GOOD NOTHING SO MUCH AS THAT,as,z,Z,2.0,clear
speechocean762,train,2167,096090011.wav,speechocean_9609,m,27,I COULD JUST BARELY SEE IT FROM HERE.,just,s,S,0.0,unclear
speechocean762,test,2322,096220003.wav,speechocean_9622,f,20,SHE THOUGHT FOR A MOMENT.,thought,th,TH,2.0,clear
speechocean762,test,1382,024880070.wav,speechocean_2488,f,21,HE WAS AT THE HEIGHT OF HIS POWER,was,z,Z,1.8,clear
speechocean762,test,2411,096310012.wav,speechocean_9631,m,26,I THOUGHT MY LIFE WAS ABOUT TO END.,thought,th,TH,0.0,unclear
speechocean762,train,1461,030490013.wav,speechocean_3049,m,9,ITS WAS REALLY TOO MUCH,was,z,Z,2.0,clear
speechocean762,test,859,012930315.wav,speechocean_1293,m,32,I OWN I WAS WEAK,was,z,Z,1.8,clear
speechocean762,test,913,014080333.wav,speechocean_1408,m,22,NO YOU NEED TO RETURN TO THE TRUCK,truck,r,R,2.0,clear
speechocean762,train,2211,096130012.wav,speechocean_9613,f,33,THEN SHE SAW THE WAY OUT.,saw,s,S,0.4,unclear
speechocean762,train,2117,096040023.wav,speechocean_9604,f,21,"I AM RICH, AND SO WAS MY FATHER BEFORE ME.",so,s,S,0.4,unclear
speechocean762,test,875,013340297.wav,speechocean_1334,m,29,BECAUSE OF COURSE THIS IS A THING,course,s,S,0.8,unclear
speechocean762,train,2432,096430014.wav,speechocean_9643,f,25,"A COOL ONE, THIS GENERAL.",general,r,R,0.0,unclear
speechocean762,train,1203,023800093.wav,speechocean_2380,f,21,THAT'S A GOOD WAY TO APPROACH IT I THINK,think,th,TH,2.0,clear
speechocean762,train,2193,096110016.wav,speechocean_9611,f,30,IT WAS THE JAPANESE MAN FROM THE OTHER NIGHT.,from,r,R,0.8,unclear
speechocean762,train,964,020610122.wav,speechocean_2061,f,20,THIS IS A NATURAL PART OF LIFE,is,z,Z,1.8,clear
speechocean762,test,760,011810063.wav,speechocean_1181,m,23,SHE COULD JUST GO ON AND ON,just,s,S,2.0,clear
speechocean762,test,68,000490092.wav,speechocean_0049,f,7,HERE IS JOHN'S BOOTS,is,z,Z,2.0,clear
speechocean762,train,2412,096390013.wav,speechocean_9639,m,22,"HE LOOKED TO HIS LEFT, THEN TO HIS RIGHT.",right,r,R,0.0,unclear
speechocean762,train,2427,096430009.wav,speechocean_9643,f,25,TO RESTORE YOUR LOST ENERGY.,restore,r,R,0.8,unclear
speechocean762,test,943,014220027.wav,speechocean_1422,m,7,LAYLA IS FROM AUSTRALIA,from,r,R,2.0,clear
speechocean762,test,481,008110049.wav,speechocean_0811,f,20,WE FEEL THE PUBLIC IS BEING USED,is,z,Z,1.8,clear
speechocean762,test,861,013340034.wav,speechocean_1334,m,29,SOMETHING IS OFF WITH THIS TEAM,something,th,TH,2.0,clear
speechocean762,train,2292,096190013.wav,speechocean_9619,m,24,BUT WE WERE STILL THE BEST OF FRIENDS.,friends,z,Z,0.4,unclear
speechocean762,train,1850,061210095.wav,speechocean_6121,f,11,THAT MADE ALL THE DIFFERENCE,difference,s,S,2.0,clear
speechocean762,train,1149,022440180.wav,speechocean_2244,f,20,NOTHING BETTER THAN A DAY AT THE BEACH,nothing,th,TH,2.0,clear
speechocean762,train,1070,021790083.wav,speechocean_2179,f,9,ELSA WAS WALKING TO SCHOOL,school,s,S,2.0,clear
speechocean762,test,427,005670155.wav,speechocean_0567,f,21,HER IS NOT IN THE MILITARY,military,r,R,0.8,unclear
speechocean762,train,801,014190025.wav,speechocean_1419,m,7,LUCY IS A FRIEND FROM CANADA,from,r,R,2.0,clear
speechocean762,test,2089,091010100.wav,speechocean_9101,f,15,HE ASKED ME IF I WOULD WAIT FOR HIS RETURN,his,z,Z,2.0,clear
speechocean762,test,1400,025380004.wav,speechocean_2538,f,21,THERE WERE HATS BUTTONS AND RED WHITE AND BLUE BALLOONS,red,r,R,2.0,clear
speechocean762,test,233,001140120.wav,speechocean_0114,m,6,ALICE CAN SEE THE THEM PARK,see,s,S,2.0,clear
speechocean762,train,862,014470026.wav,speechocean_1447,m,7,MARY LOVES FRANCE,france,s,S,0.0,unclear
speechocean762,test,670,010760079.wav,speechocean_1076,m,7,LESS DRAW JAYME'S MOUTH,less,s,S,2.0,clear
speechocean762,test,1020,015020001.wav,speechocean_1502,m,7,JACK LIKES THE BLACK BALL,likes,s,S,2.0,clear
speechocean762,test,1927,060990039.wav,speechocean_6099,m,12,NO USE STANDING HER,standing,s,S,2.0,clear
speechocean762,test,349,003060226.wav,speechocean_0306,f,21,MAKE SURE YOU HAVE A GREAT ONE,great,r,R,2.0,clear
speechocean762,test,868,013340217.wav,speechocean_1334,m,29,THEY AIR ON THE SIDE OF UNDERSTANDING,air,r,R,2.0,clear
speechocean762,train,1335,027990309.wav,speechocean_2799,f,20,THE HOUSE WAS TOO BIG,was,z,Z,1.8,clear
speechocean762,test,1004,015010041.wav,speechocean_1501,m,7,EIGHT SEVEN THREE NINE,seven,s,S,2.0,clear
speechocean762,test,1555,030120155.wav,speechocean_3012,m,9,WHO IS IT THAT CALLS,is,z,Z,1.8,clear
speechocean762,test,885,014040072.wav,speechocean_1404,m,7,LET'S DRAW JACK'S HAND,let's,s,S,2.0,clear
speechocean762,train,927,020360131.wav,speechocean_2036,f,21,JUST WANT TO CONTINUE TO MIX THINGS UP A BIT,things,th,TH,2.0,clear
speechocean762,test,2488,096470012.wav,speechocean_9647,f,20,THEY WERE PROBABLY DATING OR SOMETHING.HE SHRUGGED.,probably,r,R,0.8,unclear
speechocean762,test,425,005670137.wav,speechocean_0567,f,21,WHAT'S WRONG WITH THE SITE,with,th,TH,1.8,clear
speechocean762,test,1178,020300171.wav,speechocean_2030,m,8,WHAT SEE I IN THE STREET,street,r,R,2.0,clear
speechocean762,train,1947,075510076.wav,speechocean_7551,f,13,IS THERE ANYTHING MORE BEFORE I GO OUT,there,r,R,2.0,clear
speechocean762,test,1182,020310075.wav,speechocean_2031,f,21,HERE IS A SUMMARY OF ITS MAJOR PROVISIONS,provisions,r,R,2.0,clear
speechocean762,test,2203,096010005.wav,speechocean_9601,m,25,"BUT HE CAN DO THINGS, BUT THIS?",things,th,TH,0.2,unclear
speechocean762,test,888,014040089.wav,speechocean_1404,m,7,HERE IS TIM'S CAP,is,z,Z,0.0,unclear
speechocean762,test,1343,024480095.wav,speechocean_2448,f,19,THURSDAY IS THE LAST DAY OF THIS YEAR'S DEBATE,thursday,th,TH,1.8,clear
speechocean762,train,582,010640028.wav,speechocean_1064,m,26,I WAS SICK AND TRIED OF HEARING ABOUT IT,was,z,Z,1.8,clear
speechocean762,test,355,003060285.wav,speechocean_0306,f,21,THIS IS ANOTHER WAY TO GO ABOUT IT,is,z,Z,2.0,clear
speechocean762,train,471,010120219.wav,speechocean_1012,m,29,DO YOU THINK IT WILL BE CONFIRMED,think,th,TH,2.0,clear
speechocean762,test,2206,096010008.wav,speechocean_9601,m,25,SO HE CALLED AND ASKED ONE MORE TIME.,asked,s,S,0.0,unclear
speechocean762,test,2254,096100015.wav,speechocean_9610,f,22,HE TURNED HIS HEAD AWAY FROM HER.,from,r,R,2.0,clear
speechocean762,test,2139,091180163.wav,speechocean_9118,f,15,HE CAN ALMOST STAND ON HIS LEGS,stand,s,S,2.0,clear
speechocean762,test,1867,054320061.wav,speechocean_5432,f,11,HE NOW HAD BOTH EYES WIDE OPEN,eyes,z,Z,1.8,clear
speechocean762,train,1413,030210123.wav,speechocean_3021,f,9,IS THIS WELL DONE,this,s,S,2.0,clear
speechocean762,test,1946,069020059.wav,speechocean_6902,m,12,THEY DID NOT SEE THEM ANY MORE,see,s,S,0.0,unclear
speechocean762,train,2225,096140007.wav,speechocean_9614,f,28,IT WAS SOME TIME BEFORE HE COULD SEE ANYTHING.,was,z,Z,2.0,clear
speechocean762,test,1928,060990059.wav,speechocean_6099,m,12,THESE THINGS AND MANY OTHERS INTERESTED HER,these,z,Z,2.0,clear
speechocean762,test,2456,096350024.wav,speechocean_9635,f,24,IT WAS NOT HER PLACE TO SAY ANYTHING.,say,s,S,2.0,clear
speechocean762,train,2098,096000021.wav,speechocean_9600,f,28,IT WAS NOT LIKE SHE HAD ANY POWER OVER ANYTHING.,was,z,Z,0.0,unclear
speechocean762,train,2278,096160019.wav,speechocean_9616,f,28,BUT EVEN THIS WAS AS NOTHING.,nothing,th,TH,0.0,unclear
speechocean762,test,1444,028920120.wav,speechocean_2892,m,24,HE'S BETTER THAN A TANK,he's,z,Z,1.8,clear
speechocean762,train,2279,096160020.wav,speechocean_9616,f,28,HE STARTED TO ASK IF I WAS ALL RIGHT.,right,r,R,0.8,unclear
speechocean762,test,1351,024480232.wav,speechocean_2448,f,19,SOMETIMES THE BEST THING YOU CAN DO IS NOTHING,is,z,Z,1.8,clear
speechocean762,train,477,010120334.wav,speechocean_1012,m,29,I HAD JUST COME IN FROM THE STREET,street,s,S,2.0,clear
speechocean762,train,79,000260166.wav,speechocean_0026,f,6,NOW FOR THE PARTY,party,r,R,2.0,clear
speechocean762,test,1465,028970057.wav,speechocean_2897,m,20,BOTH PLAYERS HOWEVER WERE AFFECTIES IN THE FOURTH QUARTER,players,z,Z,2.0,clear
speechocean762,train,2023,090340032.wav,speechocean_9034,f,15,NO CREATURE EVER WANTED SO MUCH TO LIVE,creature,r,R,2.0,clear
speechocean762,test,1138,020160347.wav,speechocean_2016,m,19,BUT SHE THOUGHT IT WAS GOING TO BE WORTH IT,was,z,Z,1.8,clear
speechocean762,test,897,014040148.wav,speechocean_1404,m,7,HE LIKES THE FAMOUS CITY SYDNEY,sydney,s,S,0.8,unclear
speechocean762,train,2098,096000021.wav,speechocean_9600,f,28,IT WAS NOT LIKE SHE HAD ANY POWER OVER ANYTHING.,anything,th,TH,1.8,clear
speechocean762,test,906,014080149.wav,speechocean_1408,m,22,THIS IS A GOD WORD,this,s,S,2.0,clear
speechocean762,test,2348,096230010.wav,speechocean_9623,m,21,AND I NEVER THOUGHT A THING.,thing,th,TH,0.0,unclear
speechocean762,test,2490,096470014.wav,speechocean_9647,f,20,"EXTREMELY LONG TIME, NO WRITE.",extremely,s,S,0.0,unclear
speechocean762,test,1570,030140095.wav,speechocean_3014,m,9,I WAS FIRST TO DRAW,was,z,Z,2.0,clear
speechocean762,train,2087,096000009.wav,speechocean_9600,f,28,WHAT WAS HE EVEN ABOUT TO SAY?,was,z,Z,0.0,unclear
speechocean762,test,2159,095530173.wav,speechocean_9553,f,15,I WANT THE TRUTH THE TRUTH,truth,r,R,2.0,clear
speechocean762,train,1431,030230253.wav,speechocean_3023,m,19,I WAS ALL THE WAY IN FRONT,was,z,Z,1.8,clear
speechocean762,test,1914,060670080.wav,speechocean_6067,f,12,BUT AS SUCH SHE WOULD NOT BE AFRAID OF HIM,such,s,S,2.0,clear
speechocean762,test,1997,080680170.wav,speechocean_8068,f,14,BECAUSE HIS SON WAS GOING TO BE KILLED,because,z,Z,1.8,clear
speechocean762,train,2387,096340011.wav,speechocean_9634,m,32,"BUT HERE, NOW, HE REALLY WAS.",really,r,R,2.0,clear
speechocean762,test,2222,096080006.wav,speechocean_9608,f,30,"THEY WERE ALREADY IN, AND SEEMED LIKE THEY SAW NOTHING.",nothing,th,TH,0.0,unclear
speechocean762,test,2486,096470010.wav,speechocean_9647,f,20,"IF THAT EVER HAPPENS, THAT IS.",happens,z,Z,0.6,unclear
speechocean762,test,2141,095530010.wav,speechocean_9553,f,15,BE SEATED IF YOU PLEASE SIR,seated,s,S,2.0,clear
speechocean762,train,1993,080570102.wav,speechocean_8057,f,13,IS NOT EVERY MAN ABLE TO SAY WHAT HE LIKES,say,s,S,2.0,clear
speechocean762,train,865,014470038.wav,speechocean_1447,m,7,THREE EIGHT EIGHT FOUR,three,th,TH,1.8,clear
speechocean762,train,2473,096460015.wav,speechocean_9646,f,21,BUT SOMETIMES LIFE CAN HURT.,sometimes,z,Z,0.0,unclear
speechocean762,test,2019,081530170.wav,speechocean_8153,f,14,SO OF THE NATIONS WITH THEIR WARS,so,s,S,2.0,clear
speechocean762,train,1167,022510166.wav,speechocean_2251,f,21,FASHION IS IN A TERRIBLE STATE,state,s,S,2.0,clear
speechocean762,train,2164,096090007.wav,speechocean_9609,m,27,IT WAS AS MUCH AS MY LIFE WAS WORTH.,worth,th,TH,0.0,unclear
speechocean762,train,776,014070341.wav,speechocean_1407,m,24,OF ALL SUBJECTS OF DISCUSSION THIS IS THE MOST DIFFICULT,is,z,Z,2.0,clear
speechocean762,train,999,020890371.wav,speechocean_2089,f,20,I KNOW WHO THEY ARE,are,r,R,2.0,clear
speechocean762,train,2358,096280029.wav,speechocean_9628,m,26,HE HAD TO GO THROUGH WITH IT.,through,th,TH,0.4,unclear
speechocean762,test,886,014040081.wav,speechocean_1404,m,7,BY DORA'S SHOULDER,dora's,s,S,0.0,unclear
speechocean762,train,2070,095560083.wav,speechocean_9556,m,15,HOWEVER I KNOW WHAT HIS ADVICE JUST NOW WOULD BE,his,z,Z,2.0,clear
speechocean762,test,165,001110056.wav,speechocean_0111,m,6,DRESSES JIM SCIENTIST,dresses,s,S,2.0,clear
speechocean762,train,361,005750067.wav,speechocean_0575,f,19,IT'S EASY TO FEEL ENTHUSIASTIC,enthusiastic,th,TH,0.8,unclear
speechocean762,test,993,014690113.wav,speechocean_1469,m,6,SO MIKE WENT INTO THE LIVING ROOM,so,s,S,2.0,clear
speechocean762,test,2300,096180001.wav,speechocean_9618,f,24,AND SHE WAS INTIMATE WITH HIM AS AT FIRST.,first,s,S,2.0,clear
speechocean762,test,2039,085810167.wav,speechocean_8581,f,15,THAT IS TO SAY I'M GOING TO SLEEP,is,z,Z,0.8,unclear
speechocean762,train,2338,096250021.wav,speechocean_9625,f,25,SO ENJOY AND TELL ME WHAT YOU THINK OF IT!,so,s,S,2.0,clear
speechocean762,test,472,007650254.wav,speechocean_0765,m,20,EVERYTHING IS IN GOD'S WORD,everything,r,R,2.0,clear
speechocean762,test,1303,024380142.wav,speechocean_2438,f,21,PARADISE MAY BE AROUND THE CORNER,around,r,R,2.0,clear
speechocean762,test,951,014220081.wav,speechocean_1422,m,7,LET'S DRAW LUCY'S NOSE,lucy's,s,S,0.0,unclear
speechocean762,test,900,014080008.wav,speechocean_1408,m,22,IT IS SOMETHING VERY DIFFERENT,different,r,R,2.0,clear
speechocean762,test,1185,020310114.wav,speechocean_2031,f,21,HE WAS MARRIED AND HAD THREE YOUNG SONGS,songs,z,Z,1.8,clear
speechocean762,train,2270,096160011.wav,speechocean_9616,f,28,IT'S A GOOD THING NO ONE WAS AROUND THE PLACE.,around,r,R,0.0,unclear
speechocean762,train,402,007390062.wav,speechocean_0739,m,20,IT WAS A TOUGH POSITION TO BE IN,position,z,Z,0.4,unclear
speechocean762,train,1797,055510156.wav,speechocean_5551,m,11,I SHOULD CALL IT SOMETHING ELSE,something,th,TH,1.8,clear
speechocean762,train,2233,096140016.wav,speechocean_9614,f,28,THAT WAS THE FIRST THING ABOUT HER THAT ATTRACTED ME.,thing,th,TH,2.0,clear
speechocean762,test,1118,020140133.wav,speechocean_2014,f,9,YOU CAN BEGIN SITTING WITH YOU LIKE,with,th,TH,2.0,clear
speechocean762,train,2247,096150012.wav,speechocean_9615,f,21,"THERE WAS ONCE AGAIN SILENCE, SO I LET IT BE.",silence,s,S,2.0,clear
speechocean762,train,714,013360235.wav,speechocean_1336,m,24,THIS IS THE BEST LUNCH,this,s,S,2.0,clear
speechocean762,train,955,020590276.wav,speechocean_2059,f,21,TODAY I HAVE SO MUCH TO BE THANKFUL FOR,thankful,th,TH,2.0,clear
speechocean762,test,1364,024510114.wav,speechocean_2451,f,23,TROOPS MOVE IN TO BREAK UP SOME STRIKES,some,s,S,2.0,clear
speechocean762,train,1249,024270168.wav,speechocean_2427,f,22,WHAT DO YOU THINK THOSE ARE,those,z,Z,1.8,clear
speechocean762,train,160,000560016.wav,speechocean_0056,m,6,MARY IS GOING TO SEE MONKEY,mary,r,R,2.0,clear
speechocean762,train,1463,030490040.wav,speechocean_3049,m,9,WHAT IS ONE REALLY TO CARE FOR,care,r,R,2.0,clear
speechocean762,train,2495,096490016.wav,speechocean_9649,m,20,THROUGH HEARING ONLY HIS VOICE.,through,r,R,0.0,unclear
speechocean762,test,882,014040027.wav,speechocean_1404,m,7,SHE LOVES CANADA,loves,z,Z,0.0,unclear
speechocean762,train,1463,030490040.wav,speechocean_3049,m,9,WHAT IS ONE REALLY TO CARE FOR,really,r,R,2.0,clear
speechocean762,test,2440,096350006.wav,speechocean_9635,f,24,"THERE IS NO END TO THIS, IS THERE?",there,r,R,0.4,unclear
speechocean762,test,2387,096290009.wav,speechocean_9629,f,25,I THOUGHT FOR SURE SHE WOULD SAY SOMETHING.,thought,th,TH,0.6,unclear
speechocean762,test,11,000030080.wav,speechocean_0003,m,6,DOES HE KNOW THE BISCUIT,does,z,Z,2.0,clear
speechocean762,test,719,011090359.wav,speechocean_1109,m,30,HE IS BETTER OFF NOW THAN BEFORE HAVING A SAW,saw,s,S,2.0,clear
speechocean762,test,61,000490017.wav,speechocean_0049,f,7,DORA CAN SEE THE SHEEP,dora,r,R,0.8,unclear
speechocean762,test,747,011560100.wav,speechocean_1156,m,33,SHE WAS PLACED HER UNDER HOUSE ARREST THE NEXT DAY,arrest,r,R,2.0,clear
speechocean762,test,339,001570378.wav,speechocean_0157,f,21,I WAS JUST THINKING OF SOMETHING ELSE,something,th,TH,2.0,clear
speechocean762,test,591,010460111.wav,speechocean_1046,m,7,BILLY WAS WALKING TO BATHROOM,bathroom,th,TH,2.0,clear
speechocean762,test,1564,030140043.wav,speechocean_3014,m,9,AND WHO IS THAT,is,z,Z,1.8,clear
speechocean762,test,1307,024380200.wav,speechocean_2438,f,21,I NEED TO KEEP UP WITH THINGS BETTER,with,th,TH,1.8,clear
speechocean762,test,1062,020020094.wav,speechocean_2002,f,28,THERE IS NO ROOM FOR A PEACEFUL STRUGGLE,struggle,r,R,2.0,clear
speechocean762,train,738,013620361.wav,speechocean_1362,f,21,BUT IT WAS SLOW WORK,was,z,Z,2.0,clear
speechocean762,train,2093,096000015.wav,speechocean_9600,f,28,HE PUT HIS OTHER HAND ON THE WALL AS WELL.,as,z,Z,2.0,clear
speechocean762,train,2306,096240007.wav,speechocean_9624,m,29,THAT IS THE WAY WE MUST BE IN THIS BUSINESS.,this,s,S,0.0,unclear
speechocean762,train,2039,090340168.wav,speechocean_9034,f,15,THEY REMAINED THREE HOURS AT TABLE TELLING ABOUT THEIR SPORT,three,th,TH,1.8,clear
speechocean762,train,526,010330103.wav,speechocean_1033,m,30,SOMETHING ALWAYS SEEM TO HAPPEN TO HER,something,th,TH,2.0,clear
speechocean762,test,1146,020270049.wav,speechocean_2027,m,8,FIVE SEVEN THREE EIGHT,seven,s,S,2.0,clear
speechocean762,train,1508,030830074.wav,speechocean_3083,f,10,HOW HAPPY YOU BOTH LOOK,both,th,TH,2.0,clear
speechocean762,train,986,020890206.wav,speechocean_2089,f,20,TRUST ME THERE IS PLENTY OF BREAD,trust,r,R,2.0,clear
speechocean762,test,950,014220070.wav,speechocean_1422,m,7,JIM SMELLS FRESH BEEF,fresh,r,R,0.0,unclear
speechocean762,test,2247,096100008.wav,speechocean_9610,f,22,IT WAS STILL ON HIS BACK.,was,z,Z,2.0,clear
speechocean762,train,2200,096130001.wav,speechocean_9613,f,33,I WANTED TO SEE THE WORLD.,see,s,S,0.8,unclear
speechocean762,test,884,014040052.wav,speechocean_1404,m,7,JAYME LIKES MOUNTAIN BIKING,likes,s,S,0.4,unclear
speechocean762,test,738,011350345.wav,speechocean_1135,m,25,BEST TO SAY NOTHING UNTIL THE ENTIRE AFFAIR WAS OVER,affair,r,R,2.0,clear
speechocean762,train,2342,096280013.wav,speechocean_9628,m,26,I WANT YOU AND YOU ARE COMING BACK WITH US.,with,th,TH,1.8,clear
speechocean762,train,1430,030230209.wav,speechocean_3023,m,19,THIS IS ALL SORTS OF DUMB,is,z,Z,1.8,clear
speechocean762,train,624,011970036.wav,speechocean_1197,m,7,SIX NINE THREE,three,th,TH,1.8,clear
speechocean762,test,440,007360004.wav,speechocean_0736,f,21,THIS PAST WEEK HE PICKED IT UP AGAIN,past,s,S,2.0,clear
speechocean762,test,1209,021120164.wav,speechocean_2112,f,20,LET ME KNOW WHAT YOU THINK OF IT LATER,think,th,TH,2.0,clear
speechocean762,test,2228,096080013.wav,speechocean_9608,f,30,I KNOW YOU JUST AS WELL AS YOU KNOW YOURSELF.,yourself,s,S,0.0,unclear
speechocean762,train,2487,096490008.wav,speechocean_9649,m,20,A BROKEN LAND SITTING ON BROKEN GROUND.,ground,r,R,2.0,clear
speechocean762,train,1925,070010006.wav,speechocean_7001,m,26,WHAT HE WAS TALKING ABOUT WAS SPORTS IN GENERAL,general,r,R,0.0,unclear
speechocean762,test,2177,095550146.wav,speechocean_9555,f,15,WE MIGHT PICK UP SOME POINTS,some,s,S,2.0,clear
speechocean762,train,519,010290362.wav,speechocean_1029,m,31,THAT'S THE WAY IT IS MY SON,is,z,Z,1.8,clear
speechocean762,train,359,005600370.wav,speechocean_0560,m,23,BELOW TO THE LEFT WAS THE RIVER,was,z,Z,2.0,clear
speechocean762,test,172,001110114.wav,speechocean_0111,m,6,JIM WAS WALKING TO BATHROOM,was,z,Z,2.0,clear
speechocean762,test,2339,096220020.wav,speechocean_9622,f,20,WHAT WAS HE LIKE IN PERSON?,person,s,S,2.0,clear
speechocean762,test,2258,096100019.wav,speechocean_9610,f,22,IT WAS WHEN I WAS VERY YOUNG.,was,z,Z,2.0,clear
speechocean762,test,889,014040090.wav,speechocean_1404,m,7,HERE IS MARY'S SHOES,mary's,s,S,0.0,unclear
speechocean762,train,1810,060100100.wav,speechocean_6010,f,12,WOMEN SAY THOSE THINGS BUT NEVER DO THEM,say,s,S,2.0,clear
speechocean762,train,1358,029810350.wav,speechocean_2981,f,21,LOOK BOY VIOLENCE IS THE RESORT OF THE VIOLENT,is,z,Z,2.0,clear
speechocean762,test,1965,080630044.wav,speechocean_8063,f,13,THE THING WAS TOO MUCH FOR ME,thing,th,TH,1.8,clear
speechocean762,train,1961,080020002.wav,speechocean_8002,m,23,IT WAS VERY VERY STRANGE,strange,s,S,2.0,clear
speechocean762,train,1728,054140077.wav,speechocean_5414,f,11,HOW WAS SHE TO TAKE ANY PRESENT FROM HIM NOW,from,r,R,0.6,unclear
speechocean762,test,251,001200159.wav,speechocean_0120,f,19,I WAS LOOKING FOR HIM,was,z,Z,2.0,clear
speechocean762,train,270,001310123.wav,speechocean_0131,m,7,DADDY LIKES THE SCIENCE CLASS AT SCHOOL,class,s,S,2.0,clear
speechocean762,train,627,011970081.wav,speechocean_1197,m,7,LET'S DRAW JIM'S EYE,jim's,s,S,2.0,clear
speechocean762,train,362,005750089.wav,speechocean_0575,f,19,THE MOVE IS A PART OF PLAN TO INCREASE PROFITS,profits,s,S,2.0,clear
speechocean762,test,1171,020300083.wav,speechocean_2030,m,8,PETER WAS WALKING TO NATURE PARK,was,z,Z,2.0,clear
speechocean762,train,702,013360016.wav,speechocean_1336,m,24,WE COME IN WITH A CANDIDATE,with,th,TH,0.8,unclear
speechocean762,train,2424,096430006.wav,speechocean_9643,f,25,THEY ALL JUMPED UP FROM THEIR SEATS SUDDENLY.,seats,s,S,0.8,unclear
speechocean762,train,2431,096430013.wav,speechocean_9643,f,25,"YOU KNOW, THEY CAN PROBABLY DO THAT.",probably,r,R,0.8,unclear
speechocean762,train,1758,054180130.wav,speechocean_5418,f,11,BUT THEY MUST BE NICE ONES LIKE YOURS YOU KNOW,nice,s,S,2.0,clear
speechocean762,train,1097,022080299.wav,speechocean_2208,f,20,I'D LOVE TO PARTICIPATE IN THE NEXT ONE,next,s,S,2.0,clear
speechocean762,test,2289,096170011.wav,speechocean_9617,f,35,"THIS WAS THE THING SHE WANTED TO HEAR, ONLY THIS.",this,s,S,2.0,clear
speechocean762,train,2179,096090027.wav,speechocean_9609,m,27,SHE ACCEPTED IT AND PUT IT WITH HER THINGS.,accepted,s,S,0.0,unclear
speechocean762,train,1440,030460032.wav,speechocean_3046,m,9,AND THIS FROM ME,from,r,R,2.0,clear
speechocean762,test,1221,021160027.wav,speechocean_2116,f,20,THAT'S WHAT WE THINK THEY WERE LOOKING FOR,think,th,TH,2.0,clear
speechocean762,test,2093,091010127.wav,speechocean_9101,f,15,THERE SEEMED A WALL IN FRONT OF HIM,seemed,s,S,2.0,clear
speechocean762,train,1874,064010141.wav,speechocean_6401,f,12,THREE MEN IN RED COAT CAME,three,th,TH,1.8,clear
speechocean762,train,1615,038370142.wav,speechocean_3837,f,12,WHAT'S WILL ONLY BE THREE MONTH,month,th,TH,1.8,clear
speechocean762,train,1042,021700062.wav,speechocean_2170,f,22,THE TEARS WERE JUST RUNNING OUT OF MY EYES,just,s,S,2.0,clear
speechocean762,train,1062,021790030.wav,speechocean_2179,f,9,THREE FOUR TWO EIGHT,three,th,TH,1.8,clear
speechocean762,train,2252,096150019.wav,speechocean_9615,f,21,I HAVE NO PLACE IN YOUR HEART.,heart,r,R,2.0,clear
speechocean762,test,553,010370251.wav,speechocean_1037,m,35,NOTHING TO GIVE UP FOR IT,nothing,th,TH,2.0,clear
speechocean762,test,846,012930051.wav,speechocean_1293,m,32,WE SALUTE AND THANK YOU FOR IT,thank,th,TH,2.0,clear
speechocean762,test,1283,023550013.wav,speechocean_2355,m,20,I DO WHAT I THINK IS FUNNY,think,th,TH,2.0,clear
speechocean762,train,67,000260050.wav,speechocean_0026,f,6,ZERO EIGHT THREE ONE,three,th,TH,1.8,clear
speechocean762,test,1682,036310035.wav,speechocean_3631,f,9,BUT THAT WILL IN CLOUDS,clouds,z,Z,2.0,clear
speechocean762,train,723,013620108.wav,speechocean_1362,f,21,BUT THERE WAS NO ONE WHO COULD HELP,was,z,Z,2.0,clear
speechocean762,test,2488,096470012.wav,speechocean_9647,f,20,THEY WERE PROBABLY DATING OR SOMETHING.HE SHRUGGED.,shrugged,r,R,0.4,unclear
speechocean762,train,213,000750106.wav,speechocean_0075,m,6,LAYLA CAN SEE THE BUS,see,s,S,2.0,clear
speechocean762,train,2111,096040014.wav,speechocean_9604,f,21,IF YOU WANT TO PROVE SOMETHING THEN DO IT.,prove,r,R,0.0,unclear
speechocean762,train,2179,096090027.wav,speechocean_9609,m,27,SHE ACCEPTED IT AND PUT IT WITH HER THINGS.,things,z,Z,0.0,unclear
speechocean762,train,2447,096450008.wav,speechocean_9645,f,20,YOU ARE MY HEART NOW.,heart,r,R,0.8,unclear
speechocean762,test,825,012920085.wav,speechocean_1292,m,37,THAT MAKES HIM A BETTER PLAYER,player,r,R,2.0,clear
speechocean762,test,2418,096310019.wav,speechocean_9631,m,26,"THE THING HAD COME, AND SO IT MUST BE.",thing,th,TH,2.0,clear
speechocean762,test,900,014080008.wav,speechocean_1408,m,22,IT IS SOMETHING VERY DIFFERENT,something,th,TH,2.0,clear
speechocean762,test,327,001570185.wav,speechocean_0157,f,21,WELL YOU HAVE A GREAT NIGHT,great,r,R,2.0,clear
speechocean762,train,2,000010053.wav,speechocean_0001,m,6,THREE TWO TWO SEVEN,three,th,TH,1.8,clear
speechocean762,test,1483,029170086.wav,speechocean_2917,m,19,IT WAS A GREAT PLAY,great,r,R,2.0,clear
speechocean762,test,1290,023550202.wav,speechocean_2355,m,20,TODAY WAS THE START OF A REVOLUTION,revolution,r,R,2.0,clear
speechocean762,test,233,001140120.wav,speechocean_0114,m,6,ALICE CAN SEE THE THEM PARK,park,r,R,2.0,clear
speechocean762,test,2217,096010021.wav,speechocean_9601,m,25,HE SHRUGGED ME OFF LIKE I WAS NOTHING.,nothing,th,TH,0.0,unclear
speechocean762,test,1569,030140092.wav,speechocean_3014,m,9,WELL THAT IS THAT,is,z,Z,1.8,clear
speechocean762,train,663,012600129.wav,speechocean_1260,m,25,THAT PUT ME IN SUCH A GOOD MOOD,such,s,S,2.0,clear
speechocean762,train,2234,096140017.wav,speechocean_9614,f,28,I MUST HAVE AN END PUT TO ALL THIS.,must,s,S,2.0,clear
speechocean762,test,2291,096170013.wav,speechocean_9617,f,35,NO DOUBT HE WAS VERY GOOD AND ALL THAT.,was,z,Z,2.0,clear
speechocean762,train,2265,096160006.wav,speechocean_9616,f,28,THERE WERE OTHER PEOPLE IN THE CARRIAGE WITH THEM.,there,r,R,0.4,unclear
speechocean762,train,485,010270198.wav,speechocean_1027,m,37,SOME OF US ARE NOT HERE TO BE LOVED,some,s,S,2.0,clear
speechocean762,test,1814,052200142.wav,speechocean_5220,m,11,DO DO GO AWAY FOR I AM AFRAID OF YOU,afraid,r,R,2.0,clear
speechocean762,test,465,007650089.wav,speechocean_0765,m,20,BUT HE IS EXPECTED TO BE FULL STRENGTH HIS WEEK,strength,th,TH,1.8,clear
speechocean762,train,2187,096110009.wav,speechocean_9611,f,30,I SAY AS I TAKE OUT MY PAPERS.,papers,z,Z,0.4,unclear
speechocean762,test,1222,021160075.wav,speechocean_2116,f,20,I THINK EVERYONE ACROSS THE BOARD IS SAD,think,th,TH,2.0,clear
speechocean762,test,890,014040096.wav,speechocean_1404,m,7,LOOK AT MIKE'S SUNGLASSES,mike's,s,S,0.0,unclear
speechocean762,test,121,000940015.wav,speechocean_0094,m,6,ANDY IS GOING TO SEE BIRD,is,z,Z,1.8,clear
speechocean762,train,1255,024270245.wav,speechocean_2427,f,22,WHEN IS IT TIME TO TALK ABOUT GUNS,guns,z,Z,1.8,clear
speechocean762,train,65,000260039.wav,speechocean_0026,f,6,EIGHT ZERO SIX TWO,six,s,S,2.0,clear
speechocean762,train,1551,032080093.wav,speechocean_3208,f,9,WE ARE BOTH TWELVE YEARS OLD,both,th,TH,2.0,clear
speechocean762,train,1117,022360321.wav,speechocean_2236,m,22,THERE'S NOTHING THAT UNUSUAL ABOUT THE STRUCTURE OF THE PLAN,nothing,th,TH,2.0,clear
speechocean762,test,2330,096220011.wav,speechocean_9622,f,20,THEN THEY WERE AT THE SAME THING AGAIN.,thing,th,TH,2.0,clear
speechocean762,test,397,004610298.wav,speechocean_0461,m,23,MOVE THE STAR WITH MORE MOVES,with,th,TH,2.0,clear
speechocean762,test,889,014040090.wav,speechocean_1404,m,7,HERE IS MARY'S SHOES,shoes,z,Z,0.0,unclear
speechocean762,test,1871,054320080.wav,speechocean_5432,f,11,WHY DOES HE WRITE TO ME ABOUT THE WOOD,write,r,R,2.0,clear
speechocean762,train,2106,096040008.wav,speechocean_9604,f,21,THERE WAS NO ONE LEFT.,there,r,R,0.0,unclear
speechocean762,train,522,010330035.wav,speechocean_1033,m,30,IT MAKES MORE SENSE THAN GOING TO WAR,makes,s,S,2.0,clear
speechocean762,test,2158,095530161.wav,speechocean_9553,f,15,I KNOW THAT WAS UNDERSTANDING,was,z,Z,2.0,clear
speechocean762,test,890,014040096.wav,speechocean_1404,m,7,LOOK AT MIKE'S SUNGLASSES,sunglasses,z,Z,0.0,unclear
speechocean762,train,1759,054180174.wav,speechocean_5418,f,11,MEET ME HERE AT THE SAME HOUR TOMORROW,tomorrow,r,R,2.0,clear
speechocean762,train,1038,021680379.wav,speechocean_2168,f,20,HENCE THE CYCLE OF THE GAMES IS BRIEF,cycle,s,S,2.0,clear
speechocean762,test,1168,020300059.wav,speechocean_2030,m,8,JIM NEEDS NEW RAINCOAT,needs,z,Z,2.0,clear
speechocean762,train,1171,022510237.wav,speechocean_2251,f,21,I THINK WE SHOULD GET HIM ON THE SHOW,think,th,TH,2.0,clear
speechocean762,train,1534,030880105.wav,speechocean_3088,m,9,SO IT WAS NOW,was,z,Z,1.8,clear
speechocean762,test,361,004570071.wav,speechocean_0457,f,21,YOU HAD TO STAY WITH LEADERS,with,th,TH,2.0,clear
speechocean762,train,2059,090700172.wav,speechocean_9070,f,15,I THINK WE SHOULD BUILD GOOD RELATIONSHIP WITH THEM,think,th,TH,2.0,clear
speechocean762,train,775,014070336.wav,speechocean_1407,m,24,NEXT YEAR WILL BE DIFFERENT SHE THOUGHT,thought,th,TH,0.4,unclear
speechocean762,train,2466,096460008.wav,speechocean_9646,f,21,THOSE EYES COULD STOP BULLETS.,eyes,z,Z,0.0,unclear
speechocean762,train,1426,030230119.wav,speechocean_3023,m,19,HURT A CANCER THINGS WILL NEVER BE THE SAME,things,th,TH,2.0,clear
speechocean762,test,2435,096330019.wav,speechocean_9633,f,21,AS IF TO BE BUT A MAN WERE NOTHING.,nothing,th,TH,1.8,clear
speechocean762,test,1014,015010145.wav,speechocean_1501,m,7,TINA LIKES THE ENGLISH CLASS AT SCHOOL,school,s,S,2.0,clear
speechocean762,train,72,000260095.wav,speechocean_0026,f,6,BOB LOVES THE NEW CLOTH,cloth,th,TH,2.0,clear
speechocean762,train,378,005750330.wav,speechocean_0575,f,19,THE ANSWER TO THAT WAS ALSO BEGINNING TO COME,also,s,S,2.0,clear
speechocean762,test,1870,054320076.wav,speechocean_5432,f,11,THERE IS NO HIGH LAND NEAR,there,r,R,2.0,clear
speechocean762,train,2167,096090011.wav,speechocean_9609,m,27,I COULD JUST BARELY SEE IT FROM HERE.,from,r,R,0.4,unclear
speechocean762,test,1400,025380004.wav,speechocean_2538,f,21,THERE WERE HATS BUTTONS AND RED WHITE AND BLUE BALLOONS,buttons,z,Z,1.8,clear
speechocean762,train,1300,026210005.wav,speechocean_2621,m,19,THANK YOU AND GOD BLESS YOU ALL,thank,th,TH,2.0,clear
speechocean762,test,1928,060990059.wav,speechocean_6099,m,12,THESE THINGS AND MANY OTHERS INTERESTED HER,things,th,TH,2.0,clear
speechocean762,test,2482,096470004.wav,speechocean_9647,f,20,THIS WAS LIKE STRIKING THEIR FLAG.,their,r,R,0.0,unclear
speechocean762,test,1074,020020295.wav,speechocean_2002,f,28,I FEEL LIKE IT WAS MORE THAN JUST MONEY,more,r,R,2.0,clear
speechocean762,test,1524,030070025.wav,speechocean_3007,m,10,THERE ARE BOTH MY HANDS,both,th,TH,2.0,clear
speechocean762,train,1597,036360160.wav,speechocean_3636,m,9,WHERE WHERE THEY TO GO PLEASE,where,r,R,2.0,clear
speechocean762,train,448,009600186.wav,speechocean_0960,m,28,FEEL FOR HIS WIFE AND SONGS,for,r,R,2.0,clear
speechocean762,train,2264,096160005.wav,speechocean_9616,f,28,THE FIRST ONE WAS HIS EYES.,first,s,S,0.0,unclear
speechocean762,test,1242,022520067.wav,speechocean_2252,m,20,WHO ELSE WOULD YOU WANT OUT THERE,there,r,R,2.0,clear
speechocean762,test,2055,085840123.wav,speechocean_8584,f,15,NOW WELL I REMEMBER EVERY MOMENT OF THE CENSE,cense,s,S,2.0,clear
speechocean762,train,1968,080020009.wav,speechocean_8002,m,23,I HAVE NO ONE BUT MYSELF TO BLAMES FOR THIS,this,s,S,0.0,unclear
speechocean762,test,946,014220048.wav,speechocean_1422,m,7,TINA IS NOT VERY GOOD AT GYMNASTICS,gymnastics,s,S,0.0,unclear
speechocean762,test,404,005630122.wav,speechocean_0563,f,22,YOUR THE REASON I MAKE IT THROUGH THE DAY,reason,z,Z,2.0,clear
speechocean762,train,1135,022420306.wav,speechocean_2242,m,20,IT IS MY LOVE THAT IS BOLD,is,z,Z,1.8,clear
speechocean762,test,602,010500028.wav,speechocean_1050,m,8,THREE THREE SIX FOUR,three,r,R,2.0,clear
speechocean762,train,1986,080570067.wav,speechocean_8057,f,13,HOW SHALL I DESCRIBE WHAT WE SAW,describe,r,R,2.0,clear
speechocean762,test,1737,050170151.wav,speechocean_5017,f,10,THERE WAS NOTHING UNDER THE EARTH,earth,th,TH,2.0,clear
speechocean762,train,203,000750024.wav,speechocean_0075,m,6,ANDY LOVES FRANCE,france,s,S,2.0,clear
speechocean762,train,497,010270366.wav,speechocean_1027,m,37,IT WAS A TREAT TO SEE HER AT HER WORK,see,s,S,2.0,clear
speechocean762,train,886,020220072.wav,speechocean_2022,f,20,WHY DO I THINK THE WAY I DO,think,th,TH,1.8,clear
speechocean762,test,1088,020070086.wav,speechocean_2007,m,8,STEVEN CAN SEE THE BATHROOM,bathroom,r,R,2.0,clear
speechocean762,train,2215,096130017.wav,speechocean_9613,f,33,AND HERE YOU ARE AND YOU ARE SO PRETTY.,so,s,S,0.0,unclear
speechocean762,test,2385,096290007.wav,speechocean_9629,f,25,THERE WAS ONE RIGHT IN FRONT OF ME.,there,r,R,0.0,unclear
speechocean762,train,581,010640017.wav,speechocean_1064,m,26,IF YOU HAVE TO ORDER HE WILL MISS THE SEASON,season,z,Z,0.0,unclear
speechocean762,test,2288,096170010.wav,speechocean_9617,f,35,THERE WAS NO OTHER WAY AROUND IT!,there,r,R,2.0,clear
speechocean762,test,1928,060990059.wav,speechocean_6099,m,12,THESE THINGS AND MANY OTHERS INTERESTED HER,things,z,Z,1.8,clear
speechocean762,train,2490,096490011.wav,speechocean_9649,m,20,HER THIN WHITE FINGERS WERE GRIPPING ITS SIDES.,gripping,r,R,0.0,unclear
speechocean762,test,52,000440104.wav,speechocean_0044,m,6,LISA LAYLA GOT THE BOOTS,boots,s,S,1.8,clear
speechocean762,train,2366,096300007.wav,speechocean_9630,f,33,THERE IS NO NEED TO GO THERE!,there,r,R,0.0,unclear
speechocean762,train,1114,022360293.wav,speechocean_2236,m,22,I WAS SO PROUD OF MYSELF,so,s,S,2.0,clear
speechocean762,train,1958,075510165.wav,speechocean_7551,f,13,I THINK I CAN GUESSED AT THE PERSON,think,th,TH,1.8,clear
speechocean762,train,1225,024020142.wav,speechocean_2402,f,21,INTERESTED IN LEARNING MORE ABOUT THE EVENTS I PRODUCE,interested,r,R,2.0,clear
speechocean762,train,776,014070341.wav,speechocean_1407,m,24,OF ALL SUBJECTS OF DISCUSSION THIS IS THE MOST DIFFICULT,most,s,S,2.0,clear
speechocean762,test,1872,054320092.wav,speechocean_5432,f,11,THESE WERE ALL LITTLE GIRLS,these,z,Z,0.4,unclear
speechocean762,train,895,020220232.wav,speechocean_2022,f,20,THAT WOULD BE GREAT MAN,great,r,R,2.0,clear
speechocean762,train,743,013720082.wav,speechocean_1372,f,21,THERE WAS NO REASON TO TAKE HIM OUT,was,z,Z,1.8,clear
speechocean762,test,2300,096180001.wav,speechocean_9618,f,24,AND SHE WAS INTIMATE WITH HIM AS AT FIRST.,as,z,Z,2.0,clear
speechocean762,train,787,014180077.wav,speechocean_1418,m,7,LET'S DRAW NACY'S EYE,let's,s,S,2.0,clear
speechocean762,test,2376,096260019.wav,speechocean_9626,m,37,IT WAS TOO DARK TO SEE WHO IT WAS.,see,s,S,2.0,clear
speechocean762,train,1248,024270155.wav,speechocean_2427,f,22,BACK AND AT JUST THE RIGHT TIME,just,s,S,2.0,clear
speechocean762,train,2335,096250017.wav,speechocean_9625,f,25,NO ONE WAS IN THE ROOM.,was,z,Z,2.0,clear
speechocean762,test,1266,023270148.wav,speechocean_2327,f,22,MAKE THE MOST OUT OF THE PRESENT,present,r,R,2.0,clear
speechocean762,train,2437,096430019.wav,speechocean_9643,f,25,THIS FLOOR LOOKED REALLY RUN DOWN.,run,r,R,0.4,unclear
speechocean762,test,304,001490039.wav,speechocean_0149,f,7,SEVEN THREE NINE NINE,three,th,TH,1.8,clear
speechocean762,train,2101,096040002.wav,speechocean_9604,f,21,SHE TURNED AND LOOKED AT HER OTHER FRIENDS.,friends,r,R,0.4,unclear
speechocean762,test,1873,054320099.wav,speechocean_5432,f,11,MONTHS AND MONTHS PASSED AWAY WITHOUT ANY CHANGE,months,th,TH,2.0,clear
speechocean762,test,71,000490102.wav,speechocean_0049,f,7,MARY LIKES YOUR RED SWEATER,red,r,R,2.0,clear
speechocean762,test,1915,060670094.wav,speechocean_6067,f,12,THE COWS NEVER GAVE SO MUCH MILK AS THAT NIGHT,as,z,Z,2.0,clear
speechocean762,train,924,020360089.wav,speechocean_2036,f,21,DOCTORS HAVE NOT SET A DATE FOR HIS DISCHARGE,his,z,Z,1.8,clear
speechocean762,test,939,014200357.wav,speechocean_1420,m,25,HE HAD NO RIGHT TO WAIT,right,r,R,2.0,clear
speechocean762,train,143,000540018.wav,speechocean_0054,m,6,BILLY IS GOING TO SEE FOX,is,z,Z,1.8,clear
speechocean762,train,44,000060049.wav,speechocean_0006,f,6,ZERO THREE FIVE,three,th,TH,2.0,clear
speechocean762,train,2485,096490006.wav,speechocean_9649,m,20,YOU CAN SLEEP HERE TONIGHT.,sleep,s,S,2.0,clear
speechocean762,test,1493,029170226.wav,speechocean_2917,m,19,THANK YOU FOR YOUR INTEREST THOUGH,thank,th,TH,2.0,clear
speechocean762,train,1733,054140115.wav,speechocean_5414,f,11,I SHALL HAVE THINGS TO SAY,things,z,Z,1.8,clear
speechocean762,test,261,001220015.wav,speechocean_0122,m,6,TIM IS GOING TO SEE DEER,see,s,S,2.0,clear
speechocean762,test,496,008110287.wav,speechocean_0811,f,20,SORRY NOT A FAN OF THAT DECISION,decision,s,S,0.4,unclear
speechocean762,train,1514,030830124.wav,speechocean_3083,f,10,IN ANY CASE HE IS SURE TO LOVE HAIR BEST,is,z,Z,1.8,clear
speechocean762,train,938,020360312.wav,speechocean_2036,f,21,IT REMAINS THE STANDARD THE RULE THE TERM OF COMPARISON,comparison,s,S,2.0,clear
speechocean762,train,123,000530027.wav,speechocean_0053,f,6,THREE THREE NINE,three,th,TH,0.8,unclear
speechocean762,train,623,011970023.wav,speechocean_1197,m,7,LYNDA IS A FRIEND FROM BRITAIN,friend,r,R,2.0,clear
speechocean762,train,2390,096340014.wav,speechocean_9634,m,32,I JUST WANTED TO GO UP THERE.,just,s,S,0.0,unclear
speechocean762,test,1958,069020168.wav,speechocean_6902,m,12,THE CHILDREN STOOD BACK,children,r,R,0.0,unclear
speechocean762,test,2066,090880093.wav,speechocean_9088,f,15,I MADE MY VOICE SOUNDS CARELESS,careless,r,R,2.0,clear
speechocean762,train,925,020360097.wav,speechocean_2036,f,21,THEIR CHILD'S DEATH IS NOT IN VAIN,death,th,TH,2.0,clear
speechocean762,test,1067,020020185.wav,speechocean_2002,f,28,THAT WOULD BE A MORE INTERESTING SHOW,interesting,r,R,2.0,clear
speechocean762,test,670,010760079.wav,speechocean_1076,m,7,LESS DRAW JAYME'S MOUTH,draw,r,R,2.0,clear
speechocean762,test,2473,096400020.wav,speechocean_9640,f,29,AUTHOR NOTE: HELLO AGAIN EVERYONE!,author,th,TH,0.8,unclear
speechocean762,test,669,010760076.wav,speechocean_1076,m,7,LET'S DRAW LILLY'S HAND,draw,r,R,0.8,unclear
speechocean762,test,996,014690136.wav,speechocean_1469,m,6,JAYME THIS IS GARLIC,is,z,Z,1.8,clear
speechocean762,train,2108,096040010.wav,speechocean_9604,f,21,"YOU JUST KNOW THAT IT MAKES YOU FEEL GOOD, RIGHT?",right,r,R,0.6,unclear
speechocean762,train,2199,096110023.wav,speechocean_9611,f,30,BUT I THINK HE MIGHT BE A LITTLE MORE ENTHUSIASTIC.,enthusiastic,s,S,0.0,unclear
speechocean762,train,288,001350194.wav,speechocean_0135,f,20,THE GOOD THING IS THAT WE CAN SEE THE GAME,see,s,S,2.0,clear
speechocean762,train,2233,096140016.wav,speechocean_9614,f,28,THAT WAS THE FIRST THING ABOUT HER THAT ATTRACTED ME.,attracted,r,R,0.0,unclear
speechocean762,test,2075,090880145.wav,speechocean_9088,f,15,IT WAS AS STILL AS DEATH,as,z,Z,1.8,clear
speechocean762,test,1947,069020065.wav,speechocean_6902,m,12,SO I WENT AWAY AND SAID NOTHING,so,s,S,0.8,unclear
speechocean762,train,1245,024270057.wav,speechocean_2427,f,22,EACH TEAM STARTS AT THE SAME TIME,starts,r,R,2.0,clear
speechocean762,test,887,014040088.wav,speechocean_1404,m,7,HERE IS PETER'S SOCKS,peter's,s,S,0.0,unclear
speechocean762,test,2012,081530107.wav,speechocean_8153,f,14,I DO NOT KNOW WHETHER THIS IS TRUE,is,z,Z,2.0,clear
speechocean762,test,1079,020020377.wav,speechocean_2002,f,28,IT WAS A STRANGE THING,strange,r,R,2.0,clear
speechocean762,test,1902,060670017.wav,speechocean_6067,f,12,OLD MEN LIKE MYSELF YOU CARE NOTHING ABOUT,nothing,th,TH,1.8,clear
speechocean762,train,2025,090340041.wav,speechocean_9034,f,15,THIS IS THE STUFF TO PUT LIFE IN YOU,is,z,Z,2.0,clear
speechocean762,test,1472,028970198.wav,speechocean_2897,m,20,BE SURE TO CHECK THIS OUT TONIGHT,this,s,S,2.0,clear
speechocean762,test,2394,096290017.wav,speechocean_9629,f,25,I WAS STILL FOR A MOMENT.,still,s,S,2.0,clear
speechocean762,train,2135,096060016.wav,speechocean_9606,f,21,"THIS IS WHEN ALL OF THE GUARDS, BUT ONE, LEFT.",this,s,S,0.8,unclear
speechocean762,train,1394,030200105.wav,speechocean_3020,m,9,I AM NOT A POLICEMAN,policeman,s,S,2.0,clear
speechocean762,train,252,001040108.wav,speechocean_0104,f,6,I CAN PAINT MY SUBWAY,subway,s,S,2.0,clear
speechocean762,test,2216,096010020.wav,speechocean_9601,m,25,SOMEWHERE THERE HAD TO BE A PLACE BETTER THAN THIS.,place,s,S,0.4,unclear
speechocean762,test,1009,015010103.wav,speechocean_1501,m,7,ALICE IS CLEAN THE CAR,is,z,Z,1.8,clear
speechocean762,train,1217,023800352.wav,speechocean_2380,f,21,SHE WAS LARGE AND SHE WAS KIND,was,z,Z,2.0,clear
speechocean762,train,2247,096150012.wav,speechocean_9615,f,21,"THERE WAS ONCE AGAIN SILENCE, SO I LET IT BE.",was,z,Z,2.0,clear
speechocean762,train,2275,096160016.wav,speechocean_9616,f,28,I SHOULD HAVE THOUGHT IT THROUGH.,through,th,TH,0.0,unclear
speechocean762,test,2141,095530010.wav,speechocean_9553,f,15,BE SEATED IF YOU PLEASE SIR,please,z,Z,1.8,clear
speechocean762,train,1196,022820291.wav,speechocean_2282,f,21,I READ A LOT OF FICTION,read,r,R,2.0,clear
speechocean762,test,683,010990063.wav,speechocean_1099,m,43,BUT WE HAD TO PROVE OURSELVES TO THEM,prove,r,R,2.0,clear
speechocean762,train,1249,024270168.wav,speechocean_2427,f,22,WHAT DO YOU THINK THOSE ARE,think,th,TH,2.0,clear
speechocean762,train,1035,021680318.wav,speechocean_2168,f,20,OH HE'S A NICE MAN IS YOUR FATHER,is,z,Z,1.8,clear
speechocean762,train,713,013360234.wav,speechocean_1336,m,24,TRYING TO GET UP AND GET READY FOR WORK,ready,r,R,2.0,clear
speechocean762,train,1164,022510095.wav,speechocean_2251,f,21,THEY ALL LIVED IN THE SAME STREET,street,r,R,2.0,clear
speechocean762,train,2040,090700006.wav,speechocean_9070,f,15,HE COULD NOT SEE HIMSELF,see,s,S,2.0,clear
speechocean762,test,1548,030120089.wav,speechocean_3012,m,9,THIS IS SOMETHING TO KNOW,something,th,TH,2.0,clear
speechocean762,train,474,010120265.wav,speechocean_1012,m,29,IRON BANNER CONTROL IS BACK,control,r,R,2.0,clear
speechocean762,train,179,000560172.wav,speechocean_0056,m,6,BEAR GOT HIS BALL,bear,r,R,2.0,clear
speechocean762,test,208,001130054.wav,speechocean_0113,m,6,TWO THREE ZERO ZERO,three,th,TH,1.8,clear
speechocean762,train,2162,096090005.wav,speechocean_9609,m,27,WHAT WILL THEY DO IF SOMETHING HAPPENS TO ME?,something,th,TH,0.0,unclear
speechocean762,train,1622,040050060.wav,speechocean_4005,f,20,IN SPIRITUAL TERMS IT WAS A PRIVILEGE,was,z,Z,1.8,clear
speechocean762,train,1216,023800338.wav,speechocean_2380,f,21,THIS IS NO FANCY SKETCH BUT THE TRUTH,is,z,Z,2.0,clear
speechocean762,train,1681,054010009.wav,speechocean_5401,m,11,AFTER LUNCH SHE READS NEWSPAPERS,reads,r,R,2.0,clear
speechocean762,train,1130,022420168.wav,speechocean_2242,m,20,IT'S NICE TO GET BACK INTO IT AGAIN,it's,s,S,2.0,clear
speechocean762,train,307,001450090.wav,speechocean_0145,f,7,SO JAM WANTS IT TO THE HOUSE,wants,s,S,2.0,clear
speechocean762,test,1465,028970057.wav,speechocean_2897,m,20,BOTH PLAYERS HOWEVER WERE AFFECTIES IN THE FOURTH QUARTER,both,th,TH,2.0,clear
speechocean762,test,2290,096170012.wav,speechocean_9617,f,35,WE ARE GOING TO DO NOTHING ABOUT IT.,nothing,th,TH,1.8,clear
speechocean762,test,2123,091180042.wav,speechocean_9118,f,15,THREE WERE HAS BAD HAS HIMSELF,has,z,Z,1.8,clear
speechocean762,test,1222,021160075.wav,speechocean_2116,f,20,I THINK EVERYONE ACROSS THE BOARD IS SAD,board,r,R,2.0,clear
speechocean762,train,998,020890346.wav,speechocean_2089,f,20,WHAT WAS SO SPECIAL ABOUT THIS SONG,song,s,S,2.0,clear
speechocean762,test,1216,021120296.wav,speechocean_2112,f,20,THAT THING HAD A LOT OF TIRES,thing,th,TH,2.0,clear
speechocean762,train,1106,022360221.wav,speechocean_2236,m,22,THIS WOULD BE MY LAST WISH,last,s,S,2.0,clear
speechocean762,train,624,011970036.wav,speechocean_1197,m,7,SIX NINE THREE,three,r,R,2.0,clear
speechocean762,test,753,011560269.wav,speechocean_1156,m,33,I NEED TO DO SOMETHING WITH MY LIFE,something,s,S,2.0,clear
speechocean762,test,720,011350001.wav,speechocean_1135,m,25,AND THAT WAS THE KEY TO HIS SUCCESS,success,s,S,2.0,clear
speechocean762,train,662,012600082.wav,speechocean_1260,m,25,THE UNITED STATES IS LIVING ON ITS PASTS,is,z,Z,1.8,clear
speechocean762,train,732,013620185.wav,speechocean_1362,f,21,LIVING IN THE BAY WITH A WIN IN THE BAY,with,th,TH,2.0,clear
speechocean762,train,186,000700037.wav,speechocean_0070,f,6,THREE EIGHT ONE SEVEN,three,r,R,2.0,clear
speechocean762,test,2438,096330022.wav,speechocean_9633,f,21,I DO LOVE YOU AND I CAN MAKE THINGS RIGHT.,right,r,R,0.0,unclear
speechocean762,test,2494,096470018.wav,speechocean_9647,f,20,"ANYWAY, THANKS FOR YOUR HELP.",thanks,th,TH,2.0,clear
speechocean762,test,2119,091070175.wav,speechocean_9107,m,15,I SEE YOU ALL SWING IN A ROPE,swing,s,S,2.0,clear
speechocean762,train,2499,096490020.wav,speechocean_9649,m,20,IT'S NOT FIRST PERSON NOW.,it's,s,S,0.4,unclear
speechocean762,train,957,020590322.wav,speechocean_2059,f,21,WE WERE ALWAYS DOING SOMETHING AS IT WAS,as,z,Z,1.8,clear
speechocean762,train,1351,029810235.wav,speechocean_2981,f,21,PRAYER IS A SOURCE OF STRENGTH AND SPIRIT,is,z,Z,2.0,clear
speechocean762,train,1346,029810200.wav,speechocean_2981,f,21,VIA WHAT DO YOU THINK,think,th,TH,2.0,clear
speechocean762,test,1365,024510164.wav,speechocean_2451,f,23,WHERE IN SOUTH AFRICA ARE YOU FROM,south,th,TH,2.0,clear
speechocean762,test,2396,096290020.wav,speechocean_9629,f,25,SHE STOPPED WHERE SHE WAS AND LOOKED AROUND.,where,r,R,2.0,clear
speechocean762,test,93,000920126.wav,speechocean_0092,f,6,MARY THIS IS GARDEN BEACH,is,z,Z,2.0,clear
speechocean762,train,2440,096450001.wav,speechocean_9645,f,20,WHY WAS NATURE SO CRUEL?,cruel,r,R,0.0,unclear
speechocean762,test,1949,069020090.wav,speechocean_6902,m,12,I CALLED THIS ONE IN AND GAVE HIM HIS SUPPER,his,z,Z,0.0,unclear
speechocean762,test,2142,095530011.wav,speechocean_9553,f,15,SHE WALKED THROUGH THE HOUSE,through,th,TH,2.0,clear
speechocean762,test,2313,096180016.wav,speechocean_9618,f,24,BUT NOT VERY LONG WAS SHE LEFT IN DOUBT.,very,r,R,2.0,clear
speechocean762,train,2243,096150007.wav,speechocean_9615,f,21,SHE HAD MADE UP HER MIND IN ALL GOOD FAITH.,faith,th,TH,2.0,clear
speechocean762,test,2238,096080026.wav,speechocean_9608,f,30,THAT WAS THE LAST TIME I SAW MY FATHER.,last,s,S,0.0,unclear
speechocean762,test,2494,096470018.wav,speechocean_9647,f,20,"ANYWAY, THANKS FOR YOUR HELP.",thanks,s,S,2.0,clear
speechocean762,train,1046,021700139.wav,speechocean_2170,f,22,I GET SOME OF THE CRITICISM,criticism,z,Z,2.0,clear
speechocean762,train,525,010330085.wav,speechocean_1033,m,30,PRIDE IN THE COUNTRY WAS ALSO DOWN,pride,r,R,2.0,clear
speechocean762,train,116,000480136.wav,speechocean_0048,m,6,SHE WANTS DO A STUDENT,wants,s,S,2.0,clear
speechocean762,train,1082,022080085.wav,speechocean_2208,f,20,THERE WAS NO RECORD OF ADOPTION,there,r,R,2.0,clear
speechocean762,train,476,010120303.wav,speechocean_1012,m,29,DOING THE LITTLE THINGS CAN MAKE A BIG DIFFERENCE,things,th,TH,2.0,clear
speechocean762,test,2475,096400022.wav,speechocean_9640,f,29,ALL HEADS TURNED THEIR WAY.,their,r,R,2.0,clear
speechocean762,train,2135,096060016.wav,speechocean_9606,f,21,"THIS IS WHEN ALL OF THE GUARDS, BUT ONE, LEFT.",guards,r,R,0.8,unclear
speechocean762,test,1243,022520159.wav,speechocean_2252,m,20,THIS IS GOOD FOR US,is,z,Z,1.8,clear
speechocean762,train,624,011970036.wav,speechocean_1197,m,7,SIX NINE THREE,six,s,S,2.0,clear
speechocean762,test,927,014200177.wav,speechocean_1420,m,25,WHAT'S SEEMS TO BE THE PROBLEM,problem,r,R,2.0,clear
speechocean762,test,202,001130019.wav,speechocean_0113,m,6,LISA CAN DRAW THE ZEBRA,draw,r,R,2.0,clear
speechocean762,test,1101,020140014.wav,speechocean_2014,f,9,MARY WENT TO SEE MOUSE,mary,r,R,2.0,clear
speechocean762,test,1853,054280109.wav,speechocean_5428,f,11,THEY MUST FIND A ROOM FOR ME,room,r,R,2.0,clear
speechocean762,train,123,000530027.wav,speechocean_0053,f,6,THREE THREE NINE,three,th,TH,0.8,unclear
speechocean762,test,665,010760046.wav,speechocean_1076,m,7,ZERO ZERO FOUR THREE TWO,three,th,TH,1.8,clear
speechocean762,test,1980,080680011.wav,speechocean_8068,f,14,I COULDN'T THINK OF SUCH A THING,think,th,TH,2.0,clear
speechocean762,test,1018,015010169.wav,speechocean_1501,m,7,THAT IS A WHAT I'M DOING NOW,is,z,Z,1.8,clear
speechocean762,test,780,011860256.wav,speechocean_1186,m,23,THANKFUL FOR SO MANY OF YOU,thankful,th,TH,0.4,unclear
speechocean762,train,1007,021290160.wav,speechocean_2129,f,20,SOMETIMES THE TRUTH IS DISGUSTING,truth,th,TH,2.0,clear
speechocean762,train,809,014190071.wav,speechocean_1419,m,7,BY MY MOUTH,mouth,th,TH,1.8,clear
speechocean762,test,2109,091070089.wav,speechocean_9107,m,15,I LIFTED MY HEAD AND KISSED HER,kissed,s,S,0.8,unclear
speechocean762,train,2251,096150018.wav,speechocean_9615,f,21,"HE, ONE THE OTHER HAND, WAS DIFFERENT.",was,z,Z,2.0,clear
speechocean762,train,1972,080020013.wav,speechocean_8002,m,23,DEPENDS ON A NUMBER OF THINGS,things,z,Z,0.6,unclear
speechocean762,train,2483,096490004.wav,speechocean_9649,m,20,NOTHING SHOWED THAT ANYTHING HAD OCCURRED.,anything,th,TH,1.8,clear
speechocean762,test,1256,022520358.wav,speechocean_2252,m,20,HER MOTHER HER MOUTH WAS VERY CLOSE TO HIS MOUTH,was,z,Z,1.8,clear
speechocean762,test,1669,034120085.wav,speechocean_3412,m,9,AS FOR ME I AM WAITING,as,z,Z,1.8,clear
speechocean762,train,318,001450172.wav,speechocean_0145,f,7,YES IT'S VERY PRETTY,it's,s,S,1.8,clear
speechocean762,train,2143,096070006.wav,speechocean_9607,f,21,IT WAS ALWAYS ABOUT HIM.,always,z,Z,0.0,unclear
speechocean762,train,2379,096300020.wav,speechocean_9630,f,33,BUT IT WAS EVEN SO.,so,s,S,2.0,clear
speechocean762,test,1313,024380278.wav,speechocean_2438,f,21,HAPPY BIRTHDAY THANK YOU FOR YOUR ALL YOU DO,birthday,th,TH,2.0,clear
speechocean762,train,2308,096240009.wav,speechocean_9624,m,29,YOU COULD TELL IT ON HIS FACE.,face,s,S,0.8,unclear
speechocean762,train,565,010440039.wav,speechocean_1044,f,7,THREE SIX FOUR SEVEN,six,s,S,2.0,clear
speechocean762,test,2228,096080013.wav,speechocean_9608,f,30,I KNOW YOU JUST AS WELL AS YOU KNOW YOURSELF.,just,s,S,0.0,unclear
speechocean762,train,2421,096430003.wav,speechocean_9643,f,25,AT LAST OUR RANKS WERE BREAKING.,ranks,r,R,0.4,unclear
speechocean762,train,1829,060480094.wav,speechocean_6048,m,12,SHE DID EVERYTHING SO WELL,everything,th,TH,1.8,clear
speechocean762,test,2309,096180012.wav,speechocean_9618,f,24,AS IF SHE HAD SOMETHING ON HER MIND.,as,z,Z,2.0,clear
speechocean762,test,1215,021120256.wav,speechocean_2112,f,20,ONLY WAY TO HAVE A FRIEND IS TO BE ONE,friend,r,R,2.0,clear
speechocean762,train,2107,096040009.wav,speechocean_9604,f,21,THIS WAS NOT MY DAY.,was,z,Z,1.8,clear
speechocean762,test,1480,029170012.wav,speechocean_2917,m,19,THAT'S THE KIND OF PERSON I LIKE TO DEAL WITH,with,th,TH,1.8,clear
speechocean762,test,2297,096170022.wav,speechocean_9617,f,35,"AND EVEN AFTER THAT, IT IS NOT MUCH BETTER.",is,z,Z,0.0,unclear
speechocean762,train,109,000480081.wav,speechocean_0048,m,6,DOES KATE LIKE THE BREAD,does,z,Z,2.0,clear
speechocean762,train,2150,096070015.wav,speechocean_9607,f,21,HE THEN ASKED ME IF I WAS AN ENGLISHMAN.,asked,s,S,2.0,clear
speechocean762,test,2033,085810119.wav,speechocean_8581,f,15,HE PUT THE THING BACK INTO THE DRIVER,thing,th,TH,1.8,clear
speechocean762,train,1750,054180077.wav,speechocean_5418,f,11,WHO ELSE SAYS SO,so,s,S,2.0,clear
speechocean762,train,1164,022510095.wav,speechocean_2251,f,21,THEY ALL LIVED IN THE SAME STREET,street,s,S,2.0,clear
speechocean762,train,2442,096450003.wav,speechocean_9645,f,20,DO YOU THINK ANYONE ELSE IS ALIVE OUT THERE?,else,s,S,0.0,unclear
speechocean762,test,25,000240099.wav,speechocean_0024,f,25,WHAT HE WAS TALKING ABOUT WAS SPORTS IN GENERAL,sports,r,R,2.0,clear
speechocean762,train,1400,030210005.wav,speechocean_3021,f,9,I HEAR THE DOCTOR'S HORSE,horse,s,S,2.0,clear
speechocean762,test,2242,096100003.wav,speechocean_9610,f,22,"ACTUALLY, THERE IS SOMETHING YOU CAN DO FOR ME!",something,th,TH,1.8,clear
speechocean762,test,1351,024480232.wav,speechocean_2448,f,19,SOMETIMES THE BEST THING YOU CAN DO IS NOTHING,nothing,th,TH,2.0,clear
speechocean762,train,868,014470053.wav,speechocean_1447,m,7,LUCY LIKES RUNNING,lucy,s,S,2.0,clear
speechocean762,test,791,011860332.wav,speechocean_1186,m,23,I TELL YOU IT IS DEATH,death,th,TH,0.0,unclear
speechocean762,test,1012,015010125.wav,speechocean_1501,m,7,LYNDA IS DRAW THE CABBAGE,draw,r,R,1.8,clear
speechocean762,train,2024,090340039.wav,speechocean_9034,f,15,BUT THERE WAS TROUBLE ENOUGH AT THE OTHER END,trouble,r,R,2.0,clear
speechocean762,train,2212,096130013.wav,speechocean_9613,f,33,"HE THOUGHT ABOUT SOMETHING, AND THEN HE ASKED.",something,th,TH,0.0,unclear
speechocean762,test,2189,095580088.wav,speechocean_9558,m,15,PUT THESE CONSIDERATIONS BEFORE HER FROM ME THEN,considerations,r,R,2.0,clear
speechocean762,test,1710,050150125.wav,speechocean_5015,m,10,HE WAS LATE THIS MORNING TOO,was,z,Z,1.8,clear
speechocean762,train,2163,096090006.wav,speechocean_9609,m,27,WE HAVE THE BEST PEOPLE ON THIS.,this,s,S,0.0,unclear
speechocean762,test,2060,090880018.wav,speechocean_9088,f,15,IS THIS ANYTHING TO ME,anything,th,TH,2.0,clear
speechocean762,train,894,020220221.wav,speechocean_2022,f,20,SMILE EVERY TIME HE TALKED,every,r,R,2.0,clear
speechocean762,test,2210,096010012.wav,speechocean_9601,m,25,IT WAS SIMPLE ENOUGH IF THEY HAD ONLY THOUGHT.,thought,th,TH,0.0,unclear
speechocean762,test,421,005670055.wav,speechocean_0567,f,21,PEOPLE WERE SCREAMING AND SHOUTING,screaming,r,R,2.0,clear
speechocean762,test,2039,085810167.wav,speechocean_8581,f,15,THAT IS TO SAY I'M GOING TO SLEEP,sleep,s,S,2.0,clear
speechocean762,test,1868,054320067.wav,speechocean_5432,f,11,SHE NEED SAY NOTHING,nothing,th,TH,2.0,clear
speechocean762,test,2181,095580012.wav,speechocean_9558,m,15,SHE WAS JUST IN TIME TO HEAR THE DIRECTION,direction,r,R,2.0,clear
speechocean762,test,2323,096220004.wav,speechocean_9622,f,20,THERE WAS NO ONE ELSE SHE WANTED BY HER SIDE.,else,s,S,0.4,unclear
speechocean762,train,1937,070010018.wav,speechocean_7001,m,26,MY PEOPLE WILL BRING YOU TO THE SHIP,bring,r,R,2.0,clear
speechocean762,train,1701,054080008.wav,speechocean_5408,m,11,NOTHING BUT GOOD FROM THIS,from,r,R,2.0,clear
speechocean762,train,2012,085850108.wav,speechocean_8585,m,15,THE WHOLE THING WAS FAR TOO REAL FOR DREAMING,thing,th,TH,1.8,clear
speechocean762,test,2464,096400007.wav,speechocean_9640,f,29,WE WILL TAKE TURNS IN WRITING EACH CHAPTER.,writing,r,R,0.0,unclear
speechocean762,test,624,010610035.wav,speechocean_1061,f,7,FIVE THREE NINE EIGHT,three,r,R,2.0,clear
speechocean762,train,2335,096250017.wav,speechocean_9625,f,25,NO ONE WAS IN THE ROOM.,room,r,R,2.0,clear
speechocean762,test,1342,024480094.wav,speechocean_2448,f,19,WE HAVE NO INTEREST IN ATTEMPTING TO DO THAT,interest,s,S,2.0,clear
speechocean762,train,284,001350134.wav,speechocean_0135,f,20,HE IS A BIG BOY,is,z,Z,2.0,clear
speechocean762,train,1227,024020175.wav,speechocean_2402,f,21,ALCOHOL IS ALWAYS THE ANSWER,is,z,Z,2.0,clear
speechocean762,train,923,020360055.wav,speechocean_2036,f,21,THAT'S THE WAY THE SYSTEM IS SUPPOSED TO WORK,supposed,s,S,2.0,clear
speechocean762,train,2119,096040025.wav,speechocean_9604,f,21,THERE WAS NOTHING TO BE GAINED BY IT.,there,r,R,0.0,unclear
speechocean762,test,360,004570010.wav,speechocean_0457,f,21,AFTER ALL THEY ONLY HAVE THEY OWN PROPERTY AT RISK,risk,r,R,2.0,clear
speechocean762,train,1240,024270011.wav,speechocean_2427,f,22,MORE SNOW WAS IN THE FORECAST FOR MONDAY NIGHT,was,z,Z,1.8,clear
speechocean762,train,1014,021290282.wav,speechocean_2129,f,20,COULD YOU SEE ON THE BIG SCREEN SOON,screen,r,R,2.0,clear
speechocean762,train,2351,096280022.wav,speechocean_9628,m,26,AND THERE IT STOPPED FOR A MOMENT.,there,r,R,0.4,unclear
speechocean762,test,2005,081530038.wav,speechocean_8153,f,14,BUT YET I THINK THERE WAS SOMETHING WANTING,think,th,TH,1.8,clear
speechocean762,test,250,001200146.wav,speechocean_0120,f,19,THANK YOU SO MUCH FOR MAKING THE EFFORT,thank,th,TH,2.0,clear
speechocean762,test,2207,096010009.wav,speechocean_9601,m,25,AND THEN THERE WAS SILENCE FOR A MOMENT OR TWO.,there,r,R,2.0,clear
speechocean762,train,749,013720189.wav,speechocean_1372,f,21,MY GOAL IN LIFE IS TO BE BETTER THAN YOU,is,z,Z,2.0,clear
speechocean762,train,176,000560154.wav,speechocean_0056,m,6,LOOK HERE I CHUCK THIS,this,s,S,2.0,clear
speechocean762,test,2467,096400012.wav,speechocean_9640,f,29,"TOO LONG, TOO SHORT, TOO BORING?",boring,r,R,0.4,unclear
speechocean762,train,1922,070010003.wav,speechocean_7001,m,26,PLUS THE KIDS REALLY LIKE THE DOGS,kids,z,Z,0.6,unclear
speechocean762,test,1726,050170100.wav,speechocean_5017,f,10,I SAW IT NOT,saw,s,S,2.0,clear
speechocean762,train,212,000750101.wav,speechocean_0075,m,6,LOOK AT JOHN'S COAT,john's,s,S,2.0,clear
speechocean762,test,2179,095550173.wav,speechocean_9555,f,15,I THINK WE MAY EXPECT HIM BEFORE MORNING,think,th,TH,2.0,clear
speechocean762,train,2442,096450003.wav,speechocean_9645,f,20,DO YOU THINK ANYONE ELSE IS ALIVE OUT THERE?,think,th,TH,2.0,clear
speechocean762,test,2366,096260008.wav,speechocean_9626,m,37,NOW THERE WAS ONLY ONE THING LEFT TO DO.,thing,th,TH,1.8,clear
speechocean762,test,645,010750024.wav,speechocean_1075,m,7,SANDY LOVES JAR,loves,z,Z,2.0,clear
speechocean762,test,2366,096260008.wav,speechocean_9626,m,37,NOW THERE WAS ONLY ONE THING LEFT TO DO.,there,r,R,0.0,unclear
speechocean762,test,51,000440099.wav,speechocean_0044,m,6,MARK HAS A BEAUTIFUL SUNGLASSES,sunglasses,z,Z,1.8,clear
speechocean762,train,1141,022440039.wav,speechocean_2244,f,20,HE KNOWS BETTER THAN TO TELL ME ABOUT THOSE THINGS,things,th,TH,2.0,clear
speechocean762,train,743,013720082.wav,speechocean_1372,f,21,THERE WAS NO REASON TO TAKE HIM OUT,reason,r,R,2.0,clear
speechocean762,test,2467,096400012.wav,speechocean_9640,f,29,"TOO LONG, TOO SHORT, TOO BORING?",short,r,R,2.0,clear
speechocean762,train,2129,096060010.wav,speechocean_9606,f,21,YOU THOUGHT THE DREADFUL PLACE HAD YOU ONCE MORE!,thought,th,TH,1.8,clear
speechocean762,train,144,000540031.wav,speechocean_0054,m,6,SIX EIGHT FOUR SIX,six,s,S,2.0,clear
speechocean762,train,1384,030200019.wav,speechocean_3020,m,9,THE WITH YOU TAKE A DRINK,drink,r,R,2.0,clear
speechocean762,test,1283,023550013.wav,speechocean_2355,m,20,I DO WHAT I THINK IS FUNNY,is,z,Z,1.8,clear
speechocean762,test,1399,024880339.wav,speechocean_2488,f,21,I WAS TRYING TO GUESS THE TIME,trying,r,R,2.0,clear
speechocean762,test,1189,020310151.wav,speechocean_2031,f,21,BLESSINGS FOR PEACE AND LOVE TO ALL,blessings,z,Z,1.8,clear
speechocean762,train,196,000700130.wav,speechocean_0070,f,6,DAD GOES THE CARROT,carrot,r,R,2.0,clear
speechocean762,test,1521,030070017.wav,speechocean_3007,m,10,AND I LOVE YOU SO,so,s,S,2.0,clear
speechocean762,test,1492,029170211.wav,speechocean_2917,m,19,WILL HAVE TO FACE THE MUSIC TOMORROW,music,z,Z,2.0,clear
speechocean762,test,2266,096120007.wav,speechocean_9612,f,20,IT IS GOING TO BE SO MUCH FUN.,is,z,Z,2.0,clear
speechocean762,train,2095,096000017.wav,speechocean_9600,f,28,SHE'S LEFT ME HERE TO FACE HIM ON MY OWN.,she's,z,Z,0.0,unclear
speechocean762,test,1612,030600099.wav,speechocean_3060,m,9,TAKE CAR OF MY HAIR,car,r,R,2.0,clear
speechocean762,test,290,001330115.wav,speechocean_0133,f,7,ANDY IS NOT A REAL NURSE,real,r,R,2.0,clear
speechocean762,test,1636,030750146.wav,speechocean_3075,f,9,WILL YOU HAVE SOME TEA,some,s,S,2.0,clear
speechocean762,test,318,001490161.wav,speechocean_0149,f,7,HERE IS YOUR CHEESE,cheese,z,Z,0.4,unclear
speechocean762,train,83,000360132.wav,speechocean_0036,f,21,IT IS ALWAYS SO NICE TO SEE YOU,so,s,S,2.0,clear
speechocean762,test,87,000920074.wav,speechocean_0092,f,6,SANDY LIKES RUNNING,likes,s,S,2.0,clear
speechocean762,test,2423,096330007.wav,speechocean_9633,f,21,THERE ARE GOING TO BE MORE.,there,r,R,0.4,unclear
speechocean762,train,65,000260039.wav,speechocean_0026,f,6,EIGHT ZERO SIX TWO,six,s,S,2.0,clear
speechocean762,train,916,020340156.wav,speechocean_2034,m,8,ONE TWO THREE AND THERE YOU ARE,three,r,R,2.0,clear
speechocean762,test,576,010390285.wav,speechocean_1039,m,38,WHICH DO YOU CHOOSE TO EXPRESS,express,s,S,2.0,clear
speechocean762,test,2264,096120005.wav,speechocean_9612,f,20,HE HAD THOUGHT THEY WOULD NEVER COME BACK.,thought,th,TH,1.8,clear
speechocean762,test,1420,027400077.wav,speechocean_2740,m,20,I THINK WE NEED THAT TYPE OF PERSON,think,th,TH,2.0,clear
speechocean762,train,2432,096430014.wav,speechocean_9643,f,25,"A COOL ONE, THIS GENERAL.",this,s,S,0.0,unclear
speechocean762,train,523,010330052.wav,speechocean_1033,m,30,CONGRESS WOULD MAKE THE FINAL DESIGNATION,congress,r,R,2.0,clear
speechocean762,train,45,000060056.wav,speechocean_0006,f,6,PHONE PARTS TICKETS,parts,s,S,2.0,clear
speechocean762,train,808,014190064.wav,speechocean_1419,m,7,HENNY SMELLS FRESH BREAD,smells,z,Z,1.8,clear
speechocean762,test,120,000940012.wav,speechocean_0094,m,6,LILLY IS GOING TO SEE ZEBRA,is,z,Z,2.0,clear
speechocean762,test,1458,028920315.wav,speechocean_2892,m,24,MAY PASSED IN A BLAZE OF SUNSHINE,blaze,z,Z,1.8,clear
speechocean762,test,691,010990202.wav,speechocean_1099,m,43,HOPE I GET TO SEE YOU TOO,see,s,S,2.0,clear
speechocean762,train,2235,096140018.wav,speechocean_9614,f,28,"IF NOT, HOW SHOULD THEY KNOW HE WAS DEAD?",was,z,Z,2.0,clear
speechocean762,train,2296,096190017.wav,speechocean_9619,m,24,WHAT ELSE WAS THERE LEFT TO DO?,was,z,Z,2.0,clear
speechocean762,train,2359,096280030.wav,speechocean_9628,m,26,"THERE IT WAS, RIGHT NEXT TO HIM.",there,r,R,0.4,unclear
speechocean762,train,2287,096190008.wav,speechocean_9619,m,24,THERE WAS NOTHING HERE TO GO ON.,nothing,th,TH,1.8,clear
speechocean762,test,120,000940012.wav,speechocean_0094,m,6,LILLY IS GOING TO SEE ZEBRA,zebra,r,R,2.0,clear
speechocean762,test,426,005670147.wav,speechocean_0567,f,21,BELIEF IS THE DEATH OF REASON,death,th,TH,2.0,clear
speechocean762,train,1840,061210013.wav,speechocean_6121,f,11,HOW COULD SHE HAVE THOUGHT THEM,thought,th,TH,2.0,clear
speechocean762,test,1291,023550230.wav,speechocean_2355,m,20,ANGER IS SOMETHING THAT CAN BE REALLY HARD TO CONTROL,something,th,TH,2.0,clear
speechocean762,train,1939,070010020.wav,speechocean_7001,m,26,I FOUND I HAD NO NEED TO THINK,think,th,TH,1.8,clear
speechocean762,test,1948,069020075.wav,speechocean_6902,m,12,SHE MUST BE MADE TO STAY,stay,s,S,0.0,unclear
speechocean762,test,222,001140046.wav,speechocean_0114,m,6,EIGHT SEVEN SIX SIX,six,s,S,2.0,clear
speechocean762,train,1845,061210068.wav,speechocean_6121,f,11,I TOOK MY HEAD IN MY HANDS AND THOUGHT,hands,z,Z,2.0,clear
speechocean762,train,2311,096240012.wav,speechocean_9624,m,29,THERE WAS SOMETHING ABOUT THE WOMAN THAT MADE HIM UNEASY.,something,th,TH,0.8,unclear
speechocean762,test,2230,096080015.wav,speechocean_9608,f,30,SHE HAVE TO MAKE UP THINGS IF EVER.,things,th,TH,0.0,unclear
speechocean762,train,460,010120008.wav,speechocean_1012,m,29,IT'S SOMETHING TO WATCH FOR,something,th,TH,2.0,clear
speechocean762,train,1335,027990309.wav,speechocean_2799,f,20,THE HOUSE WAS TOO BIG,house,s,S,2.0,clear
speechocean762,train,2094,096000016.wav,speechocean_9600,f,28,BUT I WAS YOUNG THEN AND A LITTLE TOO CURIOUS.,curious,s,S,2.0,clear
speechocean762,train,843,014390051.wav,speechocean_1439,m,6,ALISA IS NOT VERY GOOD AT VOLLEYBALL,very,r,R,2.0,clear
speechocean762,train,504,010290123.wav,speechocean_1029,m,31,THANK YOU FOR MAKING ME FEEL SO ALIVE,thank,th,TH,2.0,clear
speechocean762,train,71,000260091.wav,speechocean_0026,f,6,DORA LIKES YOUR RED JEANS,red,r,R,2.0,clear
speechocean762,train,2288,096190009.wav,speechocean_9619,m,24,YOU REALLY THINK YOU ARE GOING TO DEFEAT ME?,think,th,TH,0.4,unclear
speechocean762,train,254,001040120.wav,speechocean_0104,f,6,MARY CAN SEE THE BOOKSTORE,mary,r,R,2.0,clear
speechocean762,train,2275,096160016.wav,speechocean_9616,f,28,I SHOULD HAVE THOUGHT IT THROUGH.,thought,th,TH,0.0,unclear
speechocean762,train,205,000750029.wav,speechocean_0075,m,6,FIVE SEVEN SIX SIX,six,s,S,2.0,clear
speechocean762,train,2459,096450021.wav,speechocean_9645,f,20,"FOUR, FIVE, SIX, SEVEN, EIGHT, NINE.",six,s,S,0.4,unclear
speechocean762,test,2262,096120003.wav,speechocean_9612,f,20,"THERE WAS REALLY NO WINNING WITH HER, WAS THERE?",there,r,R,2.0,clear
speechocean762,train,2429,096430011.wav,speechocean_9643,f,25,HE NODDED SLOWLY AND IMPRESSIVELY.,impressively,s,S,0.8,unclear
speechocean762,test,2490,096470014.wav,speechocean_9647,f,20,"EXTREMELY LONG TIME, NO WRITE.",write,r,R,0.4,unclear
speechocean762,test,889,014040090.wav,speechocean_1404,m,7,HERE IS MARY'S SHOES,is,z,Z,0.0,unclear
speechocean762,train,1093,022080202.wav,speechocean_2208,f,20,TIGERS ARE ON THE BOARD,tigers,z,Z,1.8,clear
speechocean762,test,2366,096260008.wav,speechocean_9626,m,37,NOW THERE WAS ONLY ONE THING LEFT TO DO.,was,z,Z,0.0,unclear
speechocean762,test,695,010990267.wav,speechocean_1099,m,43,IT'S SINGLE OF THE WEEK NEXT WEEK,next,s,S,2.0,clear
speechocean762,train,2484,096490005.wav,speechocean_9649,m,20,"SHE WHISPERED, ANGRY AT HER LOSS OF CONTROL.",whispered,s,S,0.8,unclear
speechocean762,train,1972,080020013.wav,speechocean_8002,m,23,DEPENDS ON A NUMBER OF THINGS,things,th,TH,0.0,unclear
speechocean762,test,2180,095580008.wav,speechocean_9558,m,15,I WILL TELL YOU THE STORY OF HIS DEATH,death,th,TH,2.0,clear
speechocean762,train,1802,060100031.wav,speechocean_6010,f,12,HE IS MADE SO AS NOT TO BE AFRAID,as,z,Z,2.0,clear
speechocean762,train,1732,054140113.wav,speechocean_5414,f,11,I ASKED FOR NOTHING,nothing,th,TH,1.8,clear
speechocean762,test,1585,030270053.wav,speechocean_3027,f,8,MY FINGERS ALL GIVING OUT,fingers,s,S,2.0,clear
speechocean762,test,33,000240289.wav,speechocean_0024,f,25,COMPETITION IS GOOD FOR THE INDUSTRY,industry,r,R,2.0,clear
speechocean762,test,845,012930040.wav,speechocean_1293,m,32,ANYTHING OVER THAT IS A BENEFIT,anything,th,TH,1.8,clear
speechocean762,train,1186,022820079.wav,speechocean_2282,f,21,I WAS WATCHING BACK AND FIRTH BACK AND FIRTH,firth,th,TH,2.0,clear
speechocean762,train,2012,085850108.wav,speechocean_8585,m,15,THE WHOLE THING WAS FAR TOO REAL FOR DREAMING,was,z,Z,0.8,unclear
speechocean762,train,1929,070010010.wav,speechocean_7001,m,26,THIS IS A PRETTY GOOD PLACE TO START,place,s,S,2.0,clear
speechocean762,train,2434,096430016.wav,speechocean_9643,f,25,EVEN IF IT TAKES SEVERAL YEARS.,several,r,R,0.4,unclear
speechocean762,test,229,001140099.wav,speechocean_0114,m,6,SANDY HAS A BEAUTIFUL CLOTH,cloth,th,TH,2.0,clear
speechocean762,train,2167,096090011.wav,speechocean_9609,m,27,I COULD JUST BARELY SEE IT FROM HERE.,barely,r,R,0.0,unclear
speechocean762,train,2196,096110019.wav,speechocean_9611,f,30,WHY WOULD SHE WANT HIM IN THE FIRST PLACE?,place,s,S,0.0,unclear
speechocean762,train,2104,096040006.wav,speechocean_9604,f,21,I COULD SEE THAT HIS HANDS WERE SHAKING TOO.,hands,z,Z,0.0,unclear
speechocean762,test,134,000940103.wav,speechocean_0094,m,6,ALICE LOVES THE NEW COAT,loves,z,Z,0.8,unclear
speechocean762,test,1823,054060049.wav,speechocean_5406,f,11,THE HOUSE IS STRONG,house,s,S,2.0,clear
speechocean762,test,2468,096400013.wav,speechocean_9640,f,29,TROOPS ARE MARCHING INTO BATTLE.,troops,s,S,0.4,unclear
speechocean762,test,1763,050390021.wav,speechocean_5039,f,12,NOTHING OUT OF THE WAY,nothing,th,TH,1.8,clear
speechocean762,train,1028,021680237.wav,speechocean_2168,f,20,ANY REPORTS ON THE CONTENTS OF THE PIE,reports,r,R,2.0,clear
speechocean762,train,2110,096040012.wav,speechocean_9604,f,21,"SO, ARE YOU HERE TO PLAY WITH ME?",so,s,S,0.0,unclear
speechocean762,train,2118,096040024.wav,speechocean_9604,f,21,SHE WAS LOOKING FOR A BREATH OF LIFE.,breath,r,R,0.0,unclear
speechocean762,test,862,013340046.wav,speechocean_1334,m,29,LIKE THREE ACTS OF A DRAMA,three,th,TH,0.8,unclear
speechocean762,train,881,020220023.wav,speechocean_2022,f,20,A MAN APPROACHED THE CAR AND AN EXCHANGE WAS MADE,was,z,Z,2.0,clear
speechocean762,test,2236,096080024.wav,speechocean_9608,f,30,THE OTHER PEOPLE IN THE RESTAURANT WERE LOOKING AT US.,restaurant,s,S,0.0,unclear
speechocean762,train,64,000260033.wav,speechocean_0026,f,6,THREE ONE SEVEN NINE,three,th,TH,1.8,clear
speechocean762,test,324,001570072.wav,speechocean_0157,f,21,THERE ARE GOOD ONES IN THE FIRST ROUND,round,r,R,2.0,clear
speechocean762,train,713,013360234.wav,speechocean_1336,m,24,TRYING TO GET UP AND GET READY FOR WORK,trying,r,R,2.0,clear
speechocean762,test,1631,030750093.wav,speechocean_3075,f,9,IT WAS HOLIDAY WITH HER,was,z,Z,2.0,clear
speechocean762,test,1280,023550002.wav,speechocean_2355,m,20,THAT'S THE MINIMUM THAT WOULD BE ACCEPTABLE TO ME PERSONALLY,personally,s,S,2.0,clear
speechocean762,test,876,013340313.wav,speechocean_1334,m,29,IT'S NOT HIS NOW BUT MINE,his,z,Z,2.0,clear
speechocean762,train,692,013090184.wav,speechocean_1309,m,31,PASSED HALF A MILLION VIEWS,views,z,Z,1.8,clear
speechocean762,train,2373,096300014.wav,speechocean_9630,f,33,THIS TIME IT WAS A WOMAN.,this,s,S,0.4,unclear
speechocean762,train,2199,096110023.wav,speechocean_9611,f,30,BUT I THINK HE MIGHT BE A LITTLE MORE ENTHUSIASTIC.,enthusiastic,z,Z,0.0,unclear
speechocean762,test,1411,025380175.wav,speechocean_2538,f,21,EVERYBODY IS GETTING READY FOR THEIR PITCH,everybody,r,R,2.0,clear
speechocean762,test,564,010390064.wav,speechocean_1039,m,38,IT'S THE BEST THING YOU CAN DO,thing,th,TH,2.0,clear
speechocean762,test,199,001120162.wav,speechocean_0112,f,6,WHERE IS YOUR BOAT,is,z,Z,2.0,clear
speechocean762,train,2198,096110022.wav,speechocean_9611,f,30,WHAT ELSE IS THERE TO DO HERE?,else,s,S,0.8,unclear
speechocean762,test,1971,080630093.wav,speechocean_8063,f,13,SHE IS TALKING IN HER SLEEP,sleep,s,S,2.0,clear
speechocean762,test,203,001130021.wav,speechocean_0113,m,6,TOM LIVES IN FRANCE,france,s,S,2.0,clear
speechocean762,train,2470,096460012.wav,speechocean_9646,f,21,"ONE FURTHER REMARK, HOWEVER, LEFT HIS LIPS.",lips,s,S,0.0,unclear
speechocean762,test,1947,069020065.wav,speechocean_6902,m,12,SO I WENT AWAY AND SAID NOTHING,said,s,S,0.4,unclear
speechocean762,train,2300,096240001.wav,speechocean_9624,m,29,SHE WAS NEVER THE SAME.,same,s,S,2.0,clear
speechocean762,test,2497,096470021.wav,speechocean_9647,f,20,"MORE THAN USUAL, AT ANY RATE.",rate,r,R,0.4,unclear
speechocean762,test,2082,091010049.wav,speechocean_9101,f,15,ENGLISH LIFE IN THEM THERE WAS NONE,was,z,Z,2.0,clear
speechocean762,train,2070,095560083.wav,speechocean_9556,m,15,HOWEVER I KNOW WHAT HIS ADVICE JUST NOW WOULD BE,advice,s,S,2.0,clear
speechocean762,train,1051,021700232.wav,speechocean_2170,f,22,THEY ARE STILL VERY MUCH U S CITIZENS,citizens,z,Z,1.8,clear
speechocean762,test,466,007650116.wav,speechocean_0765,m,20,MONEY IS THE REASON FOR SUCCESS,reason,z,Z,1.8,clear
speechocean762,train,2486,096490007.wav,speechocean_9649,m,20,THEY CLEARLY HAVE EVERYTHING THOUGHT THROUGH.,thought,th,TH,0.0,unclear
speechocean762,test,2305,096180008.wav,speechocean_9618,f,24,WHAT DO YOU THINK WHAT CAN BE THERE?,think,th,TH,1.8,clear
speechocean762,test,2488,096470012.wav,speechocean_9647,f,20,THEY WERE PROBABLY DATING OR SOMETHING.HE SHRUGGED.,something,th,TH,1.8,clear
speechocean762,test,919,014080362.wav,speechocean_1408,m,22,THERE WAS SOMETHING IN HIS POCKET,his,z,Z,1.8,clear
speechocean762,test,849,012930097.wav,speechocean_1293,m,32,THAT'S THE KIND OF PRESIDENT I INTEND TO BE,president,r,R,2.0,clear
speechocean762,test,607,010500085.wav,speechocean_1050,m,8,TEDDY HAS A BEAUTIFUL PANTS,has,z,Z,1.8,clear
speechocean762,test,2325,096220006.wav,speechocean_9622,f,20,IT HAD HAPPENED TO HIM BEFORE.,before,r,R,2.0,clear
speechocean762,train,2409,096390010.wav,speechocean_9639,m,22,THERE WAS BUT ONE THING LEFT TO DO.,was,z,Z,1.8,clear
speechocean762,train,2416,096390017.wav,speechocean_9639,m,22,I WAS ON TO SOMETHING!,something,th,TH,1.8,clear
speechocean762,test,802,012280053.wav,speechocean_1228,m,26,IT IS EXPECTED TO TURN DOWN THE IDEA AGAIN,expected,s,S,2.0,clear
speechocean762,train,375,005750300.wav,speechocean_0575,f,19,THE BEAST PACKAGE IS BACK,beast,s,S,2.0,clear
speechocean762,test,2368,096260011.wav,speechocean_9626,m,37,HE HAD NOTHING BUT THIS PLACE.,place,s,S,0.0,unclear
speechocean762,test,888,014040089.wav,speechocean_1404,m,7,HERE IS TIM'S CAP,tim's,s,S,0.0,unclear
speechocean762,train,880,020220021.wav,speechocean_2022,f,20,FRIENDS PLANNED TO VISIT LATER IN THE AFTERNOON,visit,z,Z,2.0,clear
speechocean762,train,2372,096300013.wav,speechocean_9630,f,33,"THAT IS, THEY WOULD, IF I HAD ANY FRIENDS.",friends,z,Z,0.0,unclear
speechocean762,test,1775,050390097.wav,speechocean_5039,f,12,HER FACE WAS POOR NOW,was,z,Z,1.8,clear
speechocean762,test,2130,091180088.wav,speechocean_9118,f,15,I TURNED MY EYES ROUND AS FAR AS WAS POSSIBLE,eyes,z,Z,2.0,clear
speechocean762,train,1365,030020065.wav,speechocean_3002,m,9,SHE IS HIS MOTHER,is,z,Z,1.8,clear
speechocean762,train,2136,096060017.wav,speechocean_9606,f,21,HE MUST TURN AROUND TO SEE IF IT IS HER.,is,z,Z,0.8,unclear
speechocean762,train,2022,090340021.wav,speechocean_9034,f,15,BUT YOUR FRIENDS ARE PROUD AND RICH,rich,r,R,2.0,clear
speechocean762,train,1816,060100147.wav,speechocean_6010,f,12,IT WAS MY LAST WEEK THERE,last,s,S,2.0,clear
speechocean762,train,1272,024300132.wav,speechocean_2430,f,22,WELL THANKS FOR THE CONSIDERATION,thanks,th,TH,2.0,clear
speechocean762,test,80,000920002.wav,speechocean_0092,f,6,BILL LIKES YELLOW,likes,s,S,2.0,clear
speechocean762,test,319,001490171.wav,speechocean_0149,f,7,PLEASE PLEASE,please,z,Z,0.8,unclear
speechocean762,train,258,001040149.wav,speechocean_0104,f,6,MIKE LIKE THE BIG GEN GEN CITY NEW YORK,city,s,S,2.0,clear
speechocean762,test,338,001570361.wav,speechocean_0157,f,21,PRESENTLY HOWEVER IT WAS BROKEN,presently,z,Z,2.0,clear
speechocean762,train,1216,023800338.wav,speechocean_2380,f,21,THIS IS NO FANCY SKETCH BUT THE TRUTH,sketch,s,S,2.0,clear
speechocean762,test,2412,096310013.wav,speechocean_9631,m,26,WHAT WOULD THEY BE LIKE TO WORK WITH.,with,th,TH,0.0,unclear
speechocean762,test,893,014040111.wav,speechocean_1404,m,7,MIKE WAS WALKING TO SCIENCE MUSEUM,science,s,S,0.0,unclear
speechocean762,test,1170,020300073.wav,speechocean_2030,m,8,MIKE GOT THE SHORTS,shorts,s,S,0.0,unclear
speechocean762,test,798,011860373.wav,speechocean_1186,m,23,LEGAL PROTECTION IS A MUST,protection,r,R,0.8,unclear
speechocean762,train,66,000260048.wav,speechocean_0026,f,6,THREE ZERO EIGHT SEVEN,three,th,TH,1.8,clear
speechocean762,train,916,020340156.wav,speechocean_2034,m,8,ONE TWO THREE AND THERE YOU ARE,there,r,R,2.0,clear
speechocean762,test,1888,055470104.wav,speechocean_5547,m,11,I ASKED AS WE AS WE LEFT THE OFFICE,as,z,Z,0.8,unclear
speechocean762,train,877,014470141.wav,speechocean_1447,m,7,JACK IS NOT A REAL BASEBALL PLAYER,real,r,R,2.0,clear
speechocean762,train,2246,096150011.wav,speechocean_9615,f,21,"THIS GIRL, SHE WAS EVERYTHING I NEVER WAS.",was,z,Z,2.0,clear
speechocean762,test,568,010390175.wav,speechocean_1039,m,38,WHERE YOU CAN DO THAT AT,where,r,R,2.0,clear
speechocean762,test,342,003060025.wav,speechocean_0306,f,21,BUT THE STREETS WERE RELATIVELY CALM SATURDAY MORNING,streets,r,R,0.8,unclear
speechocean762,train,2198,096110022.wav,speechocean_9611,f,30,WHAT ELSE IS THERE TO DO HERE?,is,z,Z,0.4,unclear
speechocean762,test,2057,085840147.wav,speechocean_8584,f,15,I AS A WOMAN THINK DIFFERENTLY,think,th,TH,2.0,clear
speechocean762,train,1267,024300082.wav,speechocean_2430,f,22,NOW BECAUSE OF DRAGONS LOOK WHERE HE IS TODAY,dragons,r,R,2.0,clear
speechocean762,test,319,001490171.wav,speechocean_0149,f,7,PLEASE PLEASE,please,z,Z,0.8,unclear
speechocean762,train,420,008130061.wav,speechocean_0813,f,20,IT WAS JUST LIKE A SPRING TRAINING PLAY,just,s,S,2.0,clear
speechocean762,train,2294,096190015.wav,speechocean_9619,m,24,THERE WAS ANOTHER LITTLE THING HE HAD TO SAY.,thing,th,TH,0.0,unclear
speechocean762,test,1855,054280125.wav,speechocean_5428,f,11,HOW LATE IT IS,is,z,Z,1.8,clear
speechocean762,train,106,000480033.wav,speechocean_0048,m,6,ZERO FIVE EIGHT THREE,three,th,TH,0.2,unclear
speechocean762,test,1063,020020108.wav,speechocean_2002,f,28,I HAVE DIFFERENT OPINIONS THAN THE OTHERS,different,r,R,2.0,clear
speechocean762,train,2398,096340022.wav,speechocean_9634,m,32,I NEVER SAW HIM LOOKING LIKE THAT.,saw,s,S,2.0,clear
speechocean762,train,1090,022080187.wav,speechocean_2208,f,20,SO AS SOON AS THAT HAPPENS,happens,z,Z,1.8,clear
speechocean762,test,1060,020020015.wav,speechocean_2002,f,28,BUT THEY WERE JUST THOUGHTS,thoughts,th,TH,2.0,clear
speechocean762,train,2113,096040016.wav,speechocean_9604,f,21,THE MAN RUBBED HIS EYES AND LOOKED INTO IT AGAIN.,eyes,z,Z,0.4,unclear
speechocean762,test,845,012930040.wav,speechocean_1293,m,32,ANYTHING OVER THAT IS A BENEFIT,is,z,Z,2.0,clear
speechocean762,test,2193,095580102.wav,speechocean_9558,m,15,HE BOWED AND WALKED OUT OF THE ROOM,room,r,R,2.0,clear
speechocean762,train,2254,096150021.wav,speechocean_9615,f,21,I LOOKED INTO HER EYES AND FOUND THE TRUTH.,truth,r,R,0.4,unclear
speechocean762,test,1664,034120047.wav,speechocean_3412,m,9,NO ONE KNOWS ME,knows,z,Z,2.0,clear
speechocean762,train,454,009600270.wav,speechocean_0960,m,28,THINKING OF HIS FAMILY AND FRIENDS,thinking,th,TH,1.8,clear
speechocean762,test,110,000930089.wav,speechocean_0093,f,6,DORA HAS A BIG FOOT,has,z,Z,1.8,clear
speechocean762,test,1854,054280118.wav,speechocean_5428,f,11,I MUST HAVE TIME TO THINK ABOUT IT,must,s,S,2.0,clear
speechocean762,train,480,010270117.wav,speechocean_1027,m,37,YELL THE VERY SAME THING,thing,th,TH,2.0,clear
speechocean762,test,1071,020020220.wav,speechocean_2002,f,28,PUZZLE ALARM CLOCK IS THE ANSWER,puzzle,z,Z,2.0,clear
speechocean762,test,2487,096470011.wav,speechocean_9647,f,20,NOTHING BUT AN IMMENSE SEA.,immense,s,S,0.4,unclear
speechocean762,train,2206,096130007.wav,speechocean_9613,f,33,THERE IS NO PLACE FOR ME IN HIS HEART.,place,s,S,0.0,unclear
speechocean762,test,436,005670310.wav,speechocean_0567,f,21,WHAT THEY WE WERE DOING THERE,there,r,R,2.0,clear
speechocean762,train,2397,096340021.wav,speechocean_9634,m,32,THIS WAS THE GOOD SIDE TO IT.,was,z,Z,0.0,unclear
speechocean762,test,2064,090880086.wav,speechocean_9088,f,15,WILL YOU BE READY AT ONCE NOW,once,s,S,2.0,clear
speechocean762,train,2399,096340023.wav,speechocean_9634,m,32,WE HAVE TO DO SOMETHING WITH HIM.,something,th,TH,1.8,clear
speechocean762,test,153,000960073.wav,speechocean_0096,m,6,SANDY GIVES UP BOXING,boxing,s,S,2.0,clear
speechocean762,test,2468,096400013.wav,speechocean_9640,f,29,TROOPS ARE MARCHING INTO BATTLE.,marching,r,R,0.0,unclear
speechocean762,train,2199,096110023.wav,speechocean_9611,f,30,BUT I THINK HE MIGHT BE A LITTLE MORE ENTHUSIASTIC.,think,th,TH,1.8,clear
speechocean762,train,2390,096340014.wav,speechocean_9634,m,32,I JUST WANTED TO GO UP THERE.,there,r,R,0.4,unclear
speechocean762,test,965,014650040.wav,speechocean_1465,m,8,FIVE ONE FIVE FOUR,four,r,R,2.0,clear
speechocean762,train,1141,022440039.wav,speechocean_2244,f,20,HE KNOWS BETTER THAN TO TELL ME ABOUT THOSE THINGS,knows,z,Z,1.8,clear
speechocean762,train,2239,096140022.wav,speechocean_9614,f,28,I WOULD LOVE FOR US TO STAY THERE ONCE AGAIN.,once,s,S,2.0,clear
speechocean762,test,2136,091180157.wav,speechocean_9118,f,15,DEATH IS ONLY A RETURN HIM AFTER ALL,death,th,TH,2.0,clear
speechocean762,test,71,000490102.wav,speechocean_0049,f,7,MARY LIKES YOUR RED SWEATER,mary,r,R,2.0,clear
speechocean762,test,2074,090880142.wav,speechocean_9088,f,15,THESE WERE NOT THE ALL MOST IMPORTANT THING HOWEVER,thing,th,TH,2.0,clear
speechocean762,train,201,000750015.wav,speechocean_0075,m,6,TOM IS GOING TO SEE COW,is,z,Z,2.0,clear
speechocean762,test,240,001200015.wav,speechocean_0120,f,19,WE WERE FORTUNATE TO GET BACK INTO THE BALL GAME,fortunate,r,R,2.0,clear
speechocean762,test,2483,096470005.wav,speechocean_9647,f,20,BOTH GIRLS CALLED OUT AS THEY WATCHED HER LEAVE.,as,z,Z,1.8,clear
speechocean762,train,2248,096150013.wav,speechocean_9615,f,21,I HAVE TO GO SAY HI TO SOME MORE PEOPLE.,some,s,S,2.0,clear
speechocean762,test,1289,023550201.wav,speechocean_2355,m,20,THE MOST POWERFUL THING YOU CAN DO IS RECOVER,most,s,S,2.0,clear
speechocean762,test,1294,023550257.wav,speechocean_2355,m,20,ALWAYS GOOD TO SEE A BRITISH PREMIERE,british,r,R,2.0,clear
speechocean762,train,1260,024300001.wav,speechocean_2430,f,22,THERE MAY BE A WAY TO CHANGE ALL THAT,there,r,R,2.0,clear
speechocean762,train,1566,034230063.wav,speechocean_3423,f,9,AND THERE WERE THREE DAYS LIKE THIS,three,th,TH,1.8,clear
speechocean762,test,682,010990060.wav,speechocean_1099,m,43,WEDNESDAY WAS ONE OF THOSE TIMES,wednesday,z,Z,2.0,clear
speechocean762,test,2419,096310020.wav,speechocean_9631,m,26,HE WAS NEVER EVEN IN THE ROOM.,was,z,Z,2.0,clear
speechocean762,train,2131,096060012.wav,speechocean_9606,f,21,HE OPENED UP THE DOOR.,door,r,R,2.0,clear
speechocean762,train,1052,021700236.wav,speechocean_2170,f,22,THANKS TO ALL WHO VOTED FOR US IN THE AWARDS,thanks,th,TH,2.0,clear
speechocean762,train,1313,026210220.wav,speechocean_2621,m,19,IT'S NOT AS SWEET WHEN YOU HAVE TO SHARE,share,r,R,0.8,unclear
speechocean762,train,2301,096240002.wav,speechocean_9624,m,29,I ASKED THEM HOW DO I GET THERE?,there,r,R,0.6,unclear
speechocean762,train,1973,080020014.wav,speechocean_8002,m,23,THAT WAS HEAD TO SAY,was,z,Z,0.8,unclear
speechocean762,test,2443,096350009.wav,speechocean_9635,f,24,AND SHE WAS THE ONLY PERSON LEFT.,was,z,Z,2.0,clear
speechocean762,test,661,010760002.wav,speechocean_1076,m,7,MARY THAN POINT THE COW,mary,r,R,2.0,clear
speechocean762,test,890,014040096.wav,speechocean_1404,m,7,LOOK AT MIKE'S SUNGLASSES,sunglasses,s,S,0.0,unclear
speechocean762,train,1242,024270028.wav,speechocean_2427,f,22,TODAY THEY ARE MORE DYNAMIC AND MORE HUMANE,more,r,R,2.0,clear
speechocean762,train,2383,096340007.wav,speechocean_9634,m,32,"IT IS A HAND, ON MY.",is,z,Z,2.0,clear
speechocean762,train,2468,096460010.wav,speechocean_9646,f,21,WHAT HAD HAPPENED SINCE THEN?,since,s,S,0.0,unclear
speechocean762,train,635,011970142.wav,speechocean_1197,m,7,MARY IS NOT A REAL ACTOR,is,z,Z,2.0,clear
speechocean762,train,282,001350119.wav,speechocean_0135,f,20,THESE MATCHES ARE GOING TO BE GREAT,these,z,Z,1.8,clear
speechocean762,train,395,005940283.wav,speechocean_0594,f,21,I THINK IT'S TIME TO REST,think,th,TH,2.0,clear
speechocean762,train,2400,096390001.wav,speechocean_9639,m,22,I WAS BACK IN THE ROOM.,was,z,Z,1.8,clear
speechocean762,test,425,005670137.wav,speechocean_0567,f,21,WHAT'S WRONG WITH THE SITE,site,s,S,2.0,clear
speechocean762,train,2461,096460003.wav,speechocean_9646,f,21,HE DRIFTED OUT AND AWAY ALONG SUNSET TRACK.,sunset,s,S,0.4,unclear
speechocean762,train,2486,096490007.wav,speechocean_9649,m,20,THEY CLEARLY HAVE EVERYTHING THOUGHT THROUGH.,through,th,TH,0.0,unclear
speechocean762,test,1843,054280023.wav,speechocean_5428,f,11,I MUST FIND YOU SOMETHING ELSE,something,th,TH,1.8,clear
speechocean762,train,1081,022080038.wav,speechocean_2208,f,20,I THINK THE KEY WORD IS PROBABLY,think,th,TH,2.0,clear
speechocean762,test,824,012920073.wav,speechocean_1292,m,37,THAT WAS MONEY FOR CHRISTMAS GIFTS,was,z,Z,1.8,clear
speechocean762,train,1929,070010010.wav,speechocean_7001,m,26,THIS IS A PRETTY GOOD PLACE TO START,pretty,r,R,2.0,clear
speechocean762,train,1238,024020328.wav,speechocean_2402,f,21,HE WAS TWENTY WHEN HE LEARNED THE TRUTH ABOUT HIMSELF,truth,th,TH,2.0,clear
speechocean762,test,942,014220021.wav,speechocean_1422,m,7,DORA CAN SEE THE GOOSE,dora,r,R,0.6,unclear
speechocean762,test,170,001110094.wav,speechocean_0111,m,6,MIKE LIKES THE OLD DRESS,dress,s,S,2.0,clear
speechocean762,test,382,004610065.wav,speechocean_0461,m,23,NATIONALLY THOUGH THE TREND IS BEGINNING TO TURN UPWARD AGAIN,is,z,Z,2.0,clear
speechocean762,train,1157,022440352.wav,speechocean_2244,f,20,A THOUSAND YEARS AGO IT SEEMED,thousand,th,TH,1.8,clear
speechocean762,train,2450,096450012.wav,speechocean_9645,f,20,"BETTER THAN OTHER GIRLS, THAT'S FOR SURE.",that's,s,S,2.0,clear
speechocean762,test,1641,032140007.wav,speechocean_3214,m,9,ONE DOES NOT YOU KNOW AFTER ARE TIME,does,z,Z,2.0,clear
speechocean762,test,35,000240323.wav,speechocean_0024,f,25,THEY MAY MAKE ME MORE UNHAPPY THAN I AM,more,r,R,2.0,clear
speechocean762,train,567,010440064.wav,speechocean_1044,f,7,DOES NEIL LIKE THE NOODLES,does,z,Z,2.0,clear
speechocean762,test,1324,024410110.wav,speechocean_2441,f,19,HE WOULD REACH BACK AND GET A LITTLE SOMETHING EXTRA,reach,r,R,2.0,clear
speechocean762,test,1627,030750074.wav,speechocean_3075,f,9,THE EVENING WAS FAILING,was,z,Z,1.8,clear
speechocean762,test,2410,096310011.wav,speechocean_9631,m,26,"HE ALWAYS SAW, IF SHE WANTED HIM NOT TO.",saw,s,S,2.0,clear
speechocean762,test,538,010300325.wav,speechocean_1030,m,27,THE TWENTY THOUSAND POUNDS WERE NOTHING,nothing,th,TH,2.0,clear
speechocean762,train,821,014350012.wav,speechocean_1435,m,7,TIM RAN AWAY FROM THE BIRD,ran,r,R,2.0,clear
speechocean762,train,163,000560030.wav,speechocean_0056,m,6,FIVE EIGHT THREE TWO,three,th,TH,0.8,unclear
speechocean762,test,2438,096330022.wav,speechocean_9633,f,21,I DO LOVE YOU AND I CAN MAKE THINGS RIGHT.,things,z,Z,0.0,unclear
speechocean762,test,2378,096260021.wav,speechocean_9626,m,37,AND THERE WAS AN END OF IT.,there,r,R,0.0,unclear
speechocean762,train,192,000700082.wav,speechocean_0070,f,6,JOHN LIKES RICE,rice,s,S,2.0,clear
speechocean762,test,2429,096330013.wav,speechocean_9633,f,21,BUT HOW CAN SHE TELL WHO IT WAS?,was,z,Z,2.0,clear
speechocean762,train,2182,096110003.wav,speechocean_9611,f,30,BUT THE EYES WERE THE THING.,eyes,z,Z,0.2,unclear
speechocean762,test,1222,021160075.wav,speechocean_2116,f,20,I THINK EVERYONE ACROSS THE BOARD IS SAD,across,r,R,2.0,clear
speechocean762,train,281,001350091.wav,speechocean_0135,f,20,WAR AFTER ALL IS FAR FROM AN EXACT SCIENCE,is,z,Z,1.8,clear
speechocean762,test,2472,096400019.wav,speechocean_9640,f,29,THAT'S WHY WE BOTH PASSED OUT.,passed,s,S,2.0,clear
speechocean762,test,1764,050390038.wav,speechocean_5039,f,12,I THINK I HAVE NO MORE TO SAY AT PANS,think,th,TH,2.0,clear
speechocean762,test,433,005670289.wav,speechocean_0567,f,21,HE'S REASON FOR THE SEASON,season,s,S,2.0,clear
speechocean762,test,1210,021120171.wav,speechocean_2112,f,20,THREW A PARTY OF COURSE,course,r,R,1.8,clear
speechocean762,train,616,010920141.wav,speechocean_1092,m,8,MARY IS NOT A REALLY ACTOR,really,r,R,1.8,clear
speechocean762,test,985,014690048.wav,speechocean_1469,m,6,TINA IS NOT VERY GOOD AT RUGBY,is,z,Z,2.0,clear
speechocean762,test,1138,020160347.wav,speechocean_2016,m,19,BUT SHE THOUGHT IT WAS GOING TO BE WORTH IT,worth,th,TH,2.0,clear
speechocean762,train,993,020890274.wav,speechocean_2089,f,20,I THOUGHT THIS WOULD BE SO EASY TO DRAW,easy,z,Z,2.0,clear
speechocean762,train,1221,024020051.wav,speechocean_2402,f,21,AS OF MONDAY MORNING THE POST IS STILL UP,morning,r,R,2.0,clear
speechocean762,train,1621,040050041.wav,speechocean_4005,f,20,A CIVIL SUIT AGAINST THE COUNTY IS ALSO A POSSIBILITY,suit,s,S,2.0,clear
speechocean762,train,21,000050010.wav,speechocean_0005,m,6,ITS NAME IS SAY,say,s,S,2.0,clear
speechocean762,train,996,020890326.wav,speechocean_2089,f,20,PREDICTION IS AS CLEAR AS DAY IS IT NOT,as,z,Z,1.8,clear
speechocean762,train,2028,090340071.wav,speechocean_9034,f,15,USE ME LIKE A STAFF,use,z,Z,2.0,clear
speechocean762,test,2082,091010049.wav,speechocean_9101,f,15,ENGLISH LIFE IN THEM THERE WAS NONE,there,r,R,2.0,clear
speechocean762,train,878,014470149.wav,speechocean_1447,m,7,BUT WHERE ARE WE,where,r,R,0.0,unclear
speechocean762,train,1981,080570009.wav,speechocean_8057,f,13,DO YOU KNOW ANYTHING OF IT,anything,th,TH,1.8,clear
speechocean762,test,2005,081530038.wav,speechocean_8153,f,14,BUT YET I THINK THERE WAS SOMETHING WANTING,there,r,R,2.0,clear
speechocean762,train,996,020890326.wav,speechocean_2089,f,20,PREDICTION IS AS CLEAR AS DAY IS IT NOT,is,z,Z,1.8,clear
speechocean762,test,2265,096120006.wav,speechocean_9612,f,20,BUT WHAT TRICK DO YOU HAVE FOR US NOW?,trick,r,R,0.0,unclear
speechocean762,train,106,000480033.wav,speechocean_0048,m,6,ZERO FIVE EIGHT THREE,zero,z,Z,2.0,clear
speechocean762,test,887,014040088.wav,speechocean_1404,m,7,HERE IS PETER'S SOCKS,socks,s,S,0.0,unclear
speechocean762,train,2480,096490001.wav,speechocean_9649,m,20,WAS I IN A HOSPITAL OR SOMETHING?,something,s,S,2.0,clear
speechocean762,train,1145,022440134.wav,speechocean_2244,f,20,THEY HAVE HAD THEIR CHANCE FOR MONTHS,their,r,R,2.0,clear
speechocean762,test,2255,096100016.wav,speechocean_9610,f,22,I ACTUALLY THINK WE MIGHT MAKE IT OUT OF THIS.,think,th,TH,2.0,clear
speechocean762,train,467,010120193.wav,speechocean_1012,m,29,WELCOME TO THE NEW BOSS,boss,s,S,2.0,clear
speechocean762,test,585,010460050.wav,speechocean_1046,m,7,TIM IS GOOD AT MOUNTAIN BANK,is,z,Z,1.8,clear
speechocean762,test,725,011350141.wav,speechocean_1135,m,25,TAKE A BREAK TO GET A GLASS OF WATER LATELY,break,r,R,2.0,clear
speechocean762,test,388,004610182.wav,speechocean_0461,m,23,I HAVE NO ONE BUT MYSELF TO BLAMES FOR THIS,myself,s,S,0.6,unclear
speechocean762,test,2149,095530082.wav,speechocean_9553,f,15,HE WAS FOR MOMENTS TURNED TO STONE BEFORE IT,was,z,Z,2.0,clear
speechocean762,test,2235,096080023.wav,speechocean_9608,f,30,I SUPPOSE IT IS BETTER THAT YOU SHOULD TELL ME.,suppose,z,Z,0.0,unclear
speechocean762,test,860,013340007.wav,speechocean_1334,m,29,I THINK HE CAN PROVE HIMSELF ON HIS OWN,prove,r,R,2.0,clear
speechocean762,test,357,003060306.wav,speechocean_0306,f,21,IT WAS NOT MY HEART THAT HE WAS AFTER,heart,r,R,0.8,unclear
speechocean762,train,705,013360130.wav,speechocean_1336,m,24,BUT EVEN THAT IS PART OF THE POINT,is,z,Z,1.8,clear
speechocean762,train,250,001040104.wav,speechocean_0104,f,6,JOHN GOT THE SOCKS,socks,s,S,2.0,clear
speechocean762,test,314,001490131.wav,speechocean_0149,f,7,I ASKED MY MOON,asked,s,S,2.0,clear
speechocean762,test,1355,024480255.wav,speechocean_2448,f,19,THEN IT'S TIME TO DO SOMETHING NEW,something,th,TH,2.0,clear
speechocean762,test,2292,096170014.wav,speechocean_9617,f,35,SHE WALKED OUT OF THE ROOM AGAIN.,room,r,R,2.0,clear
speechocean762,train,1627,040050125.wav,speechocean_4005,f,20,FINAL RACE OF THE SEASON TODAY,season,s,S,2.0,clear
speechocean762,test,1073,020020285.wav,speechocean_2002,f,28,SO GRATEFUL TO BE PART OF THIS PROJECT,part,r,R,2.0,clear
speechocean762,train,2454,096450016.wav,speechocean_9645,f,20,DEATH ITSELF HAD COME WITHOUT PAIN.,death,th,TH,2.0,clear
speechocean762,test,1914,060670080.wav,speechocean_6067,f,12,BUT AS SUCH SHE WOULD NOT BE AFRAID OF HIM,afraid,r,R,2.0,clear
speechocean762,test,1379,024510375.wav,speechocean_2451,f,23,IT WAS A SMALL ROOM,room,r,R,2.0,clear
speechocean762,train,2371,096300012.wav,speechocean_9630,f,33,I THOUGHT TO MYSELF AS I MADE UP MY MIND.,as,z,Z,2.0,clear
speechocean762,test,378,004570306.wav,speechocean_0457,f,21,THERE IS NO END TO PREVENTION,prevention,r,R,2.0,clear
speechocean762,test,786,011860292.wav,speechocean_1186,m,23,ALL THAT CAN BE VERY COSTLY,very,r,R,0.4,unclear
speechocean762,train,2019,085850170.wav,speechocean_8585,m,15,NEVER SAW ANYTHING LIKE IT NEVER IN MY LIFE,saw,s,S,2.0,clear
speechocean762,test,1389,024880195.wav,speechocean_2488,f,21,WHERE DO YOU THINK IS A GOOD FIT,where,r,R,2.0,clear
speechocean762,test,1042,015030006.wav,speechocean_1503,m,7,LYNDA WENT TO SEE DOG,see,s,S,2.0,clear
speechocean762,train,1123,022420073.wav,speechocean_2242,m,20,YET ALL IT TAKES IS THREE TWO ONE,three,th,TH,2.0,clear
speechocean762,train,2176,096090024.wav,speechocean_9609,m,27,SHE HAD ALWAYS THOUGHT OF ME AS AN ENEMY.,always,z,Z,0.0,unclear
speechocean762,train,2189,096110012.wav,speechocean_9611,f,30,I BELIEVE WE SHOULD ALL COME WITH YOU.,with,th,TH,0.0,unclear
speechocean762,test,752,011560257.wav,speechocean_1156,m,33,WHO WANT TO GO TO THE PARK WITH ME,with,th,TH,2.0,clear
speechocean762,train,984,020890156.wav,speechocean_2089,f,20,WHAT YOU KNOW ABOUT DREAMS,dreams,z,Z,1.8,clear
speechocean762,train,431,008130282.wav,speechocean_0813,f,20,I'M SO LUCKY TO LIVE IN SUCH A BEAUTIFUL PLACE,such,s,S,2.0,clear
speechocean762,train,2261,096160002.wav,speechocean_9616,f,28,ALL OF YOU WILL BE THERE!,there,r,R,0.8,unclear
speechocean762,train,2285,096190006.wav,speechocean_9619,m,24,IT IS WHAT HE WOULD WANT.,is,z,Z,2.0,clear
speechocean762,test,2034,085810120.wav,speechocean_8581,f,15,WE HAD A LETTER FROM HIM THIS MORNING,from,r,R,2.0,clear
speechocean762,test,1707,050150093.wav,speechocean_5015,m,10,SHE CERTAINLY NEEDS YOU MUCH MORE THAN I DO,needs,z,Z,2.0,clear
speechocean762,train,2046,090700054.wav,speechocean_9070,f,15,HOWEVER THERE'S NO HELP FOR IT,there's,z,Z,1.8,clear
speechocean762,train,1277,024300330.wav,speechocean_2430,f,22,AT FIRST HE COULD NOT SPEAK,speak,s,S,2.0,clear
speechocean762,train,1638,040050306.wav,speechocean_4005,f,20,I WAS GRATEFUL TO HER,grateful,r,R,2.0,clear
speechocean762,test,958,014220160.wav,speechocean_1422,m,7,IT IS NO GOOD,is,z,Z,2.0,clear
speechocean762,train,524,010330053.wav,speechocean_1033,m,30,SHE KNOWS HE LOVES HER AND SHE LOVES HIM,knows,z,Z,2.0,clear
speechocean762,test,30,000240248.wav,speechocean_0024,f,25,LOVE IS A STRONG MAN IN THE MIDDLE,is,z,Z,2.0,clear
speechocean762,train,1966,080020007.wav,speechocean_8002,m,23,CHECK OUT FOR THE WIN,for,r,R,0.0,unclear
speechocean762,test,1823,054060049.wav,speechocean_5406,f,11,THE HOUSE IS STRONG,strong,r,R,2.0,clear
speechocean762,test,2309,096180012.wav,speechocean_9618,f,24,AS IF SHE HAD SOMETHING ON HER MIND.,something,th,TH,0.6,unclear
speechocean762,train,2373,096300014.wav,speechocean_9630,f,33,THIS TIME IT WAS A WOMAN.,was,z,Z,0.8,unclear
speechocean762,test,2362,096260004.wav,speechocean_9626,m,37,THERE IS NO WAY I CAN GET BY THIS.,is,z,Z,0.0,unclear
speechocean762,train,1707,054080042.wav,speechocean_5408,m,11,IT WAS FAR FAR AWAY BY THIS TIME,was,z,Z,2.0,clear
speechocean762,train,641,012030010.wav,speechocean_1203,m,7,LUCY RAN AWAY FROM THE FISH,from,r,R,2.0,clear
speechocean762,test,575,010390269.wav,speechocean_1039,m,38,AND THANK YOU FOR SHARING,thank,th,TH,2.0,clear
speechocean762,train,653,012030072.wav,speechocean_1203,m,7,LOOK AT MY MOUTH,mouth,th,TH,1.8,clear
speechocean762,test,1491,029170197.wav,speechocean_2917,m,19,I WANT TO BE A PART OF THIS THREAD,this,s,S,1.8,clear
speechocean762,train,2470,096460012.wav,speechocean_9646,f,21,"ONE FURTHER REMARK, HOWEVER, LEFT HIS LIPS.",his,z,Z,0.0,unclear
speechocean762,test,1443,028920050.wav,speechocean_2892,m,24,THOSE ARE FAITH FAMILY AND FREEDOM,freedom,r,R,2.0,clear
speechocean762,test,673,010760108.wav,speechocean_1076,m,7,SO LAYLA WENT INTO THE POST OFFICE,post,s,S,0.4,unclear
speechocean762,train,2031,090340090.wav,speechocean_9034,f,15,BUT WHAT ELSE HAD HE A RIGHT TO EXPECT,expect,s,S,2.0,clear
speechocean762,test,1506,029370126.wav,speechocean_2937,m,19,WHO IS MOST BEAUTIFUL IN THEM,is,z,Z,1.8,clear
speechocean762,test,2161,095550043.wav,speechocean_9555,f,15,AND THERE IS WORSE BEHIND,is,z,Z,1.8,clear
speechocean762,test,165,001110056.wav,speechocean_0111,m,6,DRESSES JIM SCIENTIST,dresses,r,R,2.0,clear
speechocean762,train,2486,096490007.wav,speechocean_9649,m,20,THEY CLEARLY HAVE EVERYTHING THOUGHT THROUGH.,through,r,R,0.0,unclear
speechocean762,train,1576,034230141.wav,speechocean_3423,f,9,BUT HE SHE LOOK UP AND IS NOT AFRAID,is,z,Z,0.8,unclear
speechocean762,test,252,001200161.wav,speechocean_0120,f,19,LITERALLY RIGHT IN FRONT OF MY CAR,front,r,R,2.0,clear
speechocean762,train,89,000360241.wav,speechocean_0036,f,21,AFTER THAT I BE READY TO GO,ready,r,R,2.0,clear
speechocean762,test,2362,096260004.wav,speechocean_9626,m,37,THERE IS NO WAY I CAN GET BY THIS.,there,r,R,0.0,unclear
speechocean762,test,183,001120031.wav,speechocean_0112,f,6,SEVEN NINE FOUR SIX,six,s,S,2.0,clear
speechocean762,train,2466,096460008.wav,speechocean_9646,f,21,THOSE EYES COULD STOP BULLETS.,bullets,s,S,0.0,unclear
speechocean762,test,1214,021120250.wav,speechocean_2112,f,20,LESS GOVERNMENT NOT MORE IS THE SOLUTION,is,z,Z,2.0,clear
speechocean762,train,335,004820329.wav,speechocean_0482,m,28,BUT THE CITY WAS ALREADY DIRTY,already,r,R,2.0,clear
speechocean762,test,699,010990313.wav,speechocean_1099,m,43,YES HE HAD KNOWN IT,yes,s,S,2.0,clear
speechocean762,train,225,001030054.wav,speechocean_0103,m,6,ONE FIVE THREE,three,th,TH,1.8,clear
speechocean762,test,823,012920062.wav,speechocean_1292,m,37,IT'S NOTHING YOU TRY NOT TO THINK,nothing,th,TH,1.8,clear
speechocean762,train,1449,030460110.wav,speechocean_3046,m,9,ALL ALL THAT WAS PAST,past,s,S,2.0,clear
speechocean762,train,286,001350174.wav,speechocean_0135,f,20,REALLY WASHING I COULD WATCH A BREAK,really,r,R,2.0,clear
speechocean762,test,2491,096470015.wav,speechocean_9647,f,20,THE FIRST MAY BE THUS EXPLAINED.,thus,s,S,0.0,unclear
speechocean762,train,526,010330103.wav,speechocean_1033,m,30,SOMETHING ALWAYS SEEM TO HAPPEN TO HER,seem,s,S,2.0,clear
speechocean762,test,2464,096400007.wav,speechocean_9640,f,29,WE WILL TAKE TURNS IN WRITING EACH CHAPTER.,turns,z,Z,0.0,unclear
speechocean762,test,907,014080178.wav,speechocean_1408,m,22,THANK YOU FOR YOUR CARE,thank,th,TH,2.0,clear
speechocean762,test,2472,096400019.wav,speechocean_9640,f,29,THAT'S WHY WE BOTH PASSED OUT.,both,th,TH,2.0,clear
speechocean762,test,2101,091070033.wav,speechocean_9107,m,15,SHE IS SO GENTLE AND SWEET,so,s,S,2.0,clear
speechocean762,train,2314,096240015.wav,speechocean_9624,m,29,"BUT NOTHING HAPPENED TO ME, I OPENED MY EYES.",nothing,th,TH,0.0,unclear
speechocean762,train,2083,096000005.wav,speechocean_9600,f,28,I HAVE LOOKED WITH MY VERY EYES ON HELL.,eyes,z,Z,0.0,unclear
speechocean762,train,2310,096240011.wav,speechocean_9624,m,29,THEY COULD ALL SEE IT NOW.,see,s,S,2.0,clear
speechocean762,test,1186,020310133.wav,speechocean_2031,f,21,JUST WANT TO BE LEFT ALONE TO MY THOUGHTS,thoughts,th,TH,2.0,clear
speechocean762,train,2461,096460003.wav,speechocean_9646,f,21,HE DRIFTED OUT AND AWAY ALONG SUNSET TRACK.,drifted,r,R,2.0,clear
speechocean762,train,2490,096490011.wav,speechocean_9649,m,20,HER THIN WHITE FINGERS WERE GRIPPING ITS SIDES.,fingers,s,S,0.4,unclear
speechocean762,test,2352,096230014.wav,speechocean_9623,m,21,THERE WAS NOTHING IN IT FROM SIDE TO SIDE.,from,r,R,0.0,unclear
speechocean762,train,466,010120180.wav,speechocean_1012,m,29,I GO WITH THE FOLLOW,with,th,TH,2.0,clear
speechocean762,train,1701,054080008.wav,speechocean_5408,m,11,NOTHING BUT GOOD FROM THIS,nothing,th,TH,2.0,clear
speechocean762,train,56,000060124.wav,speechocean_0006,f,6,SO ALICE WENT ON TO VILLAGE,so,s,S,2.0,clear
speechocean762,train,773,014070304.wav,speechocean_1407,m,24,WILL THE KINGS HAVE A CHANCE TO REPEAT,repeat,r,R,2.0,clear
speechocean762,test,1220,021160002.wav,speechocean_2116,f,20,HE WOULD NOT SAY IF THERE WERE SUSPECTS,say,s,S,2.0,clear
speechocean762,test,1143,020270030.wav,speechocean_2027,m,8,SIX NINE ONE THREE,three,th,TH,1.8,clear
speechocean762,test,1701,050150024.wav,speechocean_5015,m,10,HE WAS AFRAID TO KNOW HIS WAS ALONE,afraid,r,R,2.0,clear
speechocean762,test,1414,025380251.wav,speechocean_2538,f,21,OR THE ONE WITH THE PHOTOGRAPHERS,or,r,R,2.0,clear
speechocean762,test,1534,030070111.wav,speechocean_3007,m,10,WHAT HAVE YOU MISSED,missed,s,S,2.0,clear
speechocean762,test,814,012280308.wav,speechocean_1228,m,26,EXISTENCE IS SO BETTER FOR EVERY ONE OF US,existence,z,Z,0.8,unclear
speechocean762,train,1011,021290209.wav,speechocean_2129,f,20,AT THE END OF THE DAY EVERYBODY LOST,lost,s,S,2.0,clear
speechocean762,train,2145,096070008.wav,speechocean_9607,f,21,THEY THOUGHT SHE WAS GOING TO WALK OUT AGAIN.,thought,th,TH,0.8,unclear
speechocean762,train,2146,096070011.wav,speechocean_9607,f,21,I LIKE TO SEE A MAN ENJOY HIMSELF.,himself,s,S,0.0,unclear
speechocean762,train,1187,022820106.wav,speechocean_2282,f,21,MANY OF THE TROOPS WERE BADLY BURNED,troops,r,R,2.0,clear
speechocean762,train,1980,080570004.wav,speechocean_8057,f,13,YOURS IS A PRETTY BUSINESS,yours,z,Z,1.8,clear
speechocean762,train,2040,090700006.wav,speechocean_9070,f,15,HE COULD NOT SEE HIMSELF,himself,s,S,2.0,clear
speechocean762,train,1377,030020161.wav,speechocean_3002,m,9,CAN YOU GUESS HIS NAME,his,z,Z,1.8,clear
speechocean762,test,728,011350190.wav,speechocean_1135,m,25,WHAT DO YOU THINK OF BUD LIGHT'S NEW DESIGN,think,th,TH,2.0,clear
speechocean762,test,1483,029170086.wav,speechocean_2917,m,19,IT WAS A GREAT PLAY,was,z,Z,1.8,clear
speechocean762,train,576,010440127.wav,speechocean_1044,f,7,LOWEN THIS IS CARROT,carrot,r,R,2.0,clear
speechocean762,train,2190,096110013.wav,speechocean_9611,f,30,I THOUGHT ABOUT IT MORE.,thought,th,TH,0.0,unclear
speechocean762,train,2327,096250009.wav,speechocean_9625,f,25,THIS WAS WHAT THEY WERE LOOKING FOR.,this,s,S,0.0,unclear
speechocean762,test,969,014650058.wav,speechocean_1465,m,8,SANDY LIKE FRENCH FRIES,french,r,R,2.0,clear
speechocean762,train,2111,096040014.wav,speechocean_9604,f,21,IF YOU WANT TO PROVE SOMETHING THEN DO IT.,something,th,TH,0.0,unclear
speechocean762,test,1737,050170151.wav,speechocean_5017,f,10,THERE WAS NOTHING UNDER THE EARTH,nothing,th,TH,2.0,clear
speechocean762,test,1187,020310141.wav,speechocean_2031,f,21,ANYTHING ELSE IN THE WORLD,anything,th,TH,2.0,clear
speechocean762,test,1672,034120125.wav,speechocean_3412,m,9,I WAS NOT LISTENING,was,z,Z,1.8,clear
speechocean762,test,2011,081530100.wav,speechocean_8153,f,14,YET WHY THERE SHOULD BE NOTHING IS HARD TO SAY,nothing,th,TH,1.8,clear
speechocean762,train,2333,096250015.wav,speechocean_9625,f,25,HE ASKED ALL OF US.,us,s,S,0.0,unclear
speechocean762,train,2199,096110023.wav,speechocean_9611,f,30,BUT I THINK HE MIGHT BE A LITTLE MORE ENTHUSIASTIC.,enthusiastic,th,TH,0.0,unclear
speechocean762,test,291,001330118.wav,speechocean_0133,f,7,LUCY WANTS TO BE A GOOD FARMER,wants,s,S,2.0,clear
speechocean762,test,833,012920254.wav,speechocean_1292,m,37,LISTENING TO DEATH GRIPS IN PUBLIC,death,th,TH,1.8,clear
speechocean762,test,484,008110110.wav,speechocean_0811,f,20,GUNS WERE USED FOR ABOUT THREE OF EVERY FIVE KILLINGS,three,th,TH,2.0,clear
speechocean762,train,2497,096490018.wav,speechocean_9649,m,20,IT ALL ENDS TOO SOON.,ends,z,Z,0.0,unclear
speechocean762,test,267,001220051.wav,speechocean_0122,m,6,NINE SIX TWO FOUR,six,s,S,2.0,clear
speechocean762,test,799,011860377.wav,speechocean_1186,m,23,HE WAS LOVE LOVED BY ALL AND HE LOVES ALL,was,z,Z,2.0,clear
speechocean762,train,2378,096300019.wav,speechocean_9630,f,33,HE LOOKED AWAY FROM IT.,from,r,R,2.0,clear
speechocean762,train,1505,030830033.wav,speechocean_3083,f,10,I WANTS WORK AND ITS IS MY RIGHT,is,z,Z,1.8,clear
speechocean762,test,1322,024410092.wav,speechocean_2441,f,19,I THINK HE CAN LEAD US TO VICTORY AGAINST ANYBODY,think,th,TH,2.0,clear
speechocean762,train,2075,095560150.wav,speechocean_9556,m,15,HE WAS NOT A PROPER PARTNER FOR HER,proper,r,R,2.0,clear
speechocean762,test,1167,020300057.wav,speechocean_2030,m,8,BILLY LOVES THE NEW SOCKS,socks,s,S,2.0,clear
speechocean762,train,594,010640280.wav,speechocean_1064,m,26,I THINK IT'S TIME WE HAVE ALMOST IN ON SEE,think,th,TH,1.8,clear
speechocean762,train,541,010420023.wav,speechocean_1042,f,7,JACK IS FROM AUSTRALIA,from,r,R,2.0,clear
speechocean762,test,1759,050290174.wav,speechocean_5029,m,11,I SHALL SOON SEE,see,s,S,2.0,clear
speechocean762,test,1734,050170132.wav,speechocean_5017,f,10,NO SHE MUST JUST WAIT AND SEE WHAT WOULD HAPPEN,must,s,S,2.0,clear
speechocean762,test,361,004570071.wav,speechocean_0457,f,21,YOU HAD TO STAY WITH LEADERS,stay,s,S,2.0,clear
speechocean762,train,2089,096000011.wav,speechocean_9600,f,28,YOU AND I WANT THE SAME THING.,thing,th,TH,1.8,clear
speechocean762,train,1975,080020016.wav,speechocean_8002,m,23,CHEERS TO A GREAT GROUP,group,r,R,0.4,unclear
speechocean762,test,1628,030750076.wav,speechocean_3075,f,9,BUT DO YOU GET ITS THERE,there,r,R,2.0,clear
speechocean762,test,1419,025380347.wav,speechocean_2538,f,21,THEY ENTERED THROUGH THE OPENING ON THE BEACH,through,th,TH,2.0,clear
speechocean762,train,161,000560017.wav,speechocean_0056,m,6,LUCY IS GOING TO SEE HORSE,lucy,s,S,2.0,clear
speechocean762,test,1231,021160198.wav,speechocean_2116,f,20,WE NEED MORE AND MORE AND MORE,more,r,R,2.0,clear
speechocean762,test,682,010990060.wav,speechocean_1099,m,43,WEDNESDAY WAS ONE OF THOSE TIMES,times,z,Z,1.8,clear
speechocean762,test,2052,085840099.wav,speechocean_8584,f,15,I ASK YOU IS SUCH A MAN FREE,ask,s,S,0.8,unclear
speechocean762,train,2388,096340012.wav,speechocean_9634,m,32,"THE OTHER ONE WAS BACK, IT WAS TIME AGAIN.",was,z,Z,0.0,unclear
speechocean762,train,2386,096340010.wav,speechocean_9634,m,32,AND I LIKE HER EYES.,eyes,z,Z,0.0,unclear
speechocean762,train,2419,096390020.wav,speechocean_9639,m,22,HE HAD NOTHING ELSE HE WANTED TO DO OUT HERE.,else,s,S,0.0,unclear
speechocean762,test,2378,096260021.wav,speechocean_9626,m,37,AND THERE WAS AN END OF IT.,was,z,Z,0.0,unclear
speechocean762,test,2405,096310006.wav,speechocean_9631,m,26,THIS IS ALL I CAN SAY.,this,s,S,2.0,clear
speechocean762,test,2123,091180042.wav,speechocean_9118,f,15,THREE WERE HAS BAD HAS HIMSELF,three,th,TH,1.8,clear
speechocean762,train,1800,060100004.wav,speechocean_6010,f,12,SHE TURNED ROUND AS THEY ENTERED,round,r,R,2.0,clear
speechocean762,train,309,001450098.wav,speechocean_0145,f,7,JACK WAS WALK TO THE THEM PARK,was,z,Z,2.0,clear
speechocean762,test,1535,030070112.wav,speechocean_3007,m,10,I WANT YOU TO TELL ME SOMETHING FIRST,something,th,TH,1.8,clear
speechocean762,test,1247,022520209.wav,speechocean_2252,m,20,HAPPINESS IS NOT A GOAL BUT A WAY OF LIFE,is,z,Z,1.8,clear
speechocean762,train,2135,096060016.wav,speechocean_9606,f,21,"THIS IS WHEN ALL OF THE GUARDS, BUT ONE, LEFT.",guards,z,Z,0.8,unclear
speechocean762,train,1063,021790035.wav,speechocean_2179,f,9,TWO ONE ONE SEVEN,seven,s,S,2.0,clear
speechocean762,train,2483,096490004.wav,speechocean_9649,m,20,NOTHING SHOWED THAT ANYTHING HAD OCCURRED.,occurred,r,R,0.0,unclear
speechocean762,train,2134,096060015.wav,speechocean_9606,f,21,SHE WANTED TO SAY SOMETHING ABOUT THIS.,this,s,S,2.0,clear
speechocean762,train,1819,060100164.wav,speechocean_6010,f,12,AND HE WENT BACK FOR MORE,more,r,R,2.0,clear
speechocean762,train,2467,096460009.wav,speechocean_9646,f,21,SHE ALWAYS MAKE THEM MAD.,always,z,Z,0.4,unclear
speechocean762,test,804,012280161.wav,speechocean_1228,m,26,THERE IS JUST SO MUCH WORK TO DO,so,s,S,2.0,clear
speechocean762,test,495,008110286.wav,speechocean_0811,f,20,EVERYTHING IS STARTING TO FALL INTO PLACE PERFECTLY,is,z,Z,1.8,clear
speechocean762,train,1214,023800326.wav,speechocean_2380,f,21,THAT KID HAD NOTHING TO DO WITH IT,nothing,th,TH,2.0,clear
speechocean762,test,2439,096330023.wav,speechocean_9633,f,21,IT WAS AT THE OTHER SIDE OF THE FRONT DOOR.,front,r,R,0.4,unclear
speechocean762,test,1684,036310041.wav,speechocean_3631,f,9,TRY AND DO GOOD WHERE YOU ARE,where,r,R,2.0,clear
speechocean762,train,1964,080020005.wav,speechocean_8002,m,23,NO NEED FOR A DOCK,for,r,R,0.4,unclear
speechocean762,train,169,000560075.wav,speechocean_0056,m,6,JACK LIKES YOUR RED CUP,likes,s,S,2.0,clear
speechocean762,test,886,014040081.wav,speechocean_1404,m,7,BY DORA'S SHOULDER,dora's,r,R,0.0,unclear
speechocean762,train,2068,095560069.wav,speechocean_9556,m,15,THE HANDS POINTED FOR FOUR OH CLOTH,cloth,th,TH,1.8,clear
speechocean762,test,894,014040122.wav,speechocean_1404,m,7,HEY WATCH OUT FOR MY CUCUMBER,for,r,R,0.0,unclear
speechocean762,test,1067,020020185.wav,speechocean_2002,f,28,THAT WOULD BE A MORE INTERESTING SHOW,more,r,R,2.0,clear
speechocean762,train,2479,096460021.wav,speechocean_9646,f,21,AN ALMOST PAINFUL QUIET REIGNS.,almost,s,S,2.0,clear
speechocean762,test,1055,015030122.wav,speechocean_1503,m,7,LILLY IS IS A GRIFT,is,z,Z,1.8,clear
speechocean762,train,888,020220120.wav,speechocean_2022,f,20,HAD ONE OF THOSE LAST WEEKEND,those,z,Z,1.8,clear
speechocean762,train,1099,022080341.wav,speechocean_2208,f,20,HIS FIRST BOW TO THE PUBLIC,first,s,S,2.0,clear
speechocean762,train,2264,096160005.wav,speechocean_9616,f,28,THE FIRST ONE WAS HIS EYES.,his,z,Z,0.2,unclear
speechocean762,test,2480,096470002.wav,speechocean_9647,f,20,AT THIS SHE LAUGHED AND SEEMED QUITE SATISFIED.,satisfied,s,S,0.0,unclear
speechocean762,train,320,004820005.wav,speechocean_0482,m,28,OUR WISH IS TO LIVE THROUGH THIS SEASON,through,th,TH,2.0,clear
speechocean762,test,924,014200087.wav,speechocean_1420,m,25,THE DEFENDANTS ALSO WOULD HAVE TO SIGN THE STATEMENT,statement,s,S,2.0,clear
speechocean762,test,1537,030070138.wav,speechocean_3007,m,10,HE PUT HIS ARM ROUND HER,his,z,Z,1.8,clear
speechocean762,test,1482,029170055.wav,speechocean_2917,m,19,THE GENERAL CONCLUSION WAS THAT IT IS NOT THAT SIMPLE,general,r,R,2.0,clear
speechocean762,test,215,001130123.wav,speechocean_0113,m,6,ANN WAS WALKING TO MUSIC ROOM,was,z,Z,1.8,clear
speechocean762,test,2022,085810018.wav,speechocean_8581,f,15,NOW ANOTHER THING I WANT TO TELL YOU,thing,th,TH,1.8,clear
speechocean762,train,1975,080020016.wav,speechocean_8002,m,23,CHEERS TO A GREAT GROUP,great,r,R,0.0,unclear
speechocean762,train,1672,052180104.wav,speechocean_5218,f,12,THEY WILL BEGIN TO KNOW THEMSELVES FOR WHAT THEY ARE,themselves,s,S,2.0,clear
speechocean762,test,942,014220021.wav,speechocean_1422,m,7,DORA CAN SEE THE GOOSE,see,s,S,2.0,clear
speechocean762,train,1254,024270206.wav,speechocean_2427,f,22,MASKS ARE PART OF UNIFORM,part,r,R,2.0,clear
speechocean762,test,891,014040097.wav,speechocean_1404,m,7,WHAT A LOVELY SHINY UNDERGROUND,underground,r,R,0.0,unclear
speechocean762,train,2324,096250005.wav,speechocean_9625,f,25,THERE WILL BE AN END OF THAT NOW.,there,r,R,2.0,clear
speechocean762,test,1440,028920012.wav,speechocean_2892,m,24,SENDING YOU LOVE AND BLESSINGS,blessings,z,Z,0.8,unclear
speechocean762,train,1117,022360321.wav,speechocean_2236,m,22,THERE'S NOTHING THAT UNUSUAL ABOUT THE STRUCTURE OF THE PLAN,there's,r,R,2.0,clear
speechocean762,test,2499,096470023.wav,speechocean_9647,f,20,HIS HEAD HURT EVEN WORSE.,worse,s,S,0.0,unclear
speechocean762,train,980,020890003.wav,speechocean_2089,f,20,IT WAS SOMETHING THAT NEVER HAPPENED TO US BEFORE,something,th,TH,2.0,clear
speechocean762,train,1620,040050015.wav,speechocean_4005,f,20,I THOUGHT HE WAS A BRILLIANT MAN,thought,th,TH,2.0,clear
speechocean762,test,2074,090880142.wav,speechocean_9088,f,15,THESE WERE NOT THE ALL MOST IMPORTANT THING HOWEVER,these,z,Z,2.0,clear
speechocean762,test,1253,022520290.wav,speechocean_2252,m,20,SURELY YOU HAVE THE ANSWER RIGHT,answer,s,S,2.0,clear
speechocean762,test,917,014080358.wav,speechocean_1408,m,22,AS FOR MYSELF I THINK NOT OF HAPPINESS,think,th,TH,2.0,clear
speechocean762,test,252,001200161.wav,speechocean_0120,f,19,LITERALLY RIGHT IN FRONT OF MY CAR,right,r,R,2.0,clear
speechocean762,test,1394,024880258.wav,speechocean_2488,f,21,DO YOU EVER THINK ABOUT THE THINGS YOU SAY,think,th,TH,2.0,clear
speechocean762,test,1861,054320019.wav,speechocean_5432,f,11,THE HOURS PASSED BY,passed,s,S,2.0,clear
speechocean762,train,1484,030680027.wav,speechocean_3068,m,9,IT WAS NOT TO BE DONE,was,z,Z,1.8,clear
speechocean762,train,294,001350317.wav,speechocean_0135,f,20,BUCKET WANTED NERVOUSLY IN THE WINGS,wings,z,Z,1.8,clear
speechocean762,test,1895,055470141.wav,speechocean_5547,m,11,I I SAW HIM MORE THAN ANGRY NOW,angry,r,R,2.0,clear
speechocean762,train,87,000360210.wav,speechocean_0036,f,21,STARTING CAN NOT BE BETTER THAN THIS,starting,r,R,2.0,clear
speechocean762,test,1730,050170117.wav,speechocean_5017,f,10,OF COURSE I COULD DO NOTHING,nothing,th,TH,2.0,clear
speechocean762,train,940,020590022.wav,speechocean_2059,f,21,THIS WAR IS OVER EXISTENCE,is,z,Z,1.8,clear
speechocean762,train,1600,038370004.wav,speechocean_3837,f,12,I HAVE NO IDEA OF WHAT THIS DONE,this,s,S,2.0,clear
speechocean762,test,2134,091180133.wav,speechocean_9118,f,15,HERE IS AN INSTANCE OF THIS FEELING,this,s,S,2.0,clear
speechocean762,train,2409,096390010.wav,speechocean_9639,m,22,THERE WAS BUT ONE THING LEFT TO DO.,thing,th,TH,1.8,clear
speechocean762,train,1829,060480094.wav,speechocean_6048,m,12,SHE DID EVERYTHING SO WELL,everything,r,R,2.0,clear
speechocean762,train,1621,040050041.wav,speechocean_4005,f,20,A CIVIL SUIT AGAINST THE COUNTY IS ALSO A POSSIBILITY,is,z,Z,1.8,clear
speechocean762,test,234,001140130.wav,speechocean_0114,m,6,DORA LOVES YAM,dora,r,R,2.0,clear
speechocean762,test,1048,015030067.wav,speechocean_1503,m,7,DOES LYNDA LIKE THE SNACKED,snacked,s,S,2.0,clear
speechocean762,train,1160,022510066.wav,speechocean_2251,f,21,BUT WE WOULD ASK MORE OF YOU,more,r,R,2.0,clear
speechocean762,train,1861,064010056.wav,speechocean_6401,f,12,THE CHILDREN PRESENTLY RETURNED,returned,r,R,2.0,clear
speechocean762,train,1914,069120121.wav,speechocean_6912,m,12,I WOULD NOT MYSELF SAY THAT IT IS SO,is,z,Z,1.8,clear
speechocean762,train,2176,096090024.wav,speechocean_9609,m,27,SHE HAD ALWAYS THOUGHT OF ME AS AN ENEMY.,thought,th,TH,0.0,unclear
speechocean762,train,1539,030880173.wav,speechocean_3088,m,9,THIS ONE RIGHT HERE,this,s,S,2.0,clear
speechocean762,test,1135,020160318.wav,speechocean_2016,m,19,HE'S UNDER MY CARE TOO,care,r,R,2.0,clear
speechocean762,test,173,001110122.wav,speechocean_0111,m,6,SO ANDY WENT ON TO RESTROOM,restroom,s,S,2.0,clear
speechocean762,train,821,014350012.wav,speechocean_1435,m,7,TIM RAN AWAY FROM THE BIRD,from,r,R,2.0,clear
speechocean762,train,1992,080570089.wav,speechocean_8057,f,13,SHE HAD STORED THEM IN HER OWN ROOM,room,r,R,2.0,clear
speechocean762,train,1100,022360092.wav,speechocean_2236,m,22,SO THAT IS PROBABLY AN UPPER LIMIT,is,z,Z,1.8,clear
speechocean762,train,1342,029810135.wav,speechocean_2981,f,21,AND THANK YOU FOR BEING SO STRONG,thank,th,TH,1.8,clear
speechocean762,test,1175,020300143.wav,speechocean_2030,m,8,NOT FOR ME THANK YOU,thank,th,TH,2.0,clear
speechocean762,train,2083,096000005.wav,speechocean_9600,f,28,I HAVE LOOKED WITH MY VERY EYES ON HELL.,very,r,R,0.8,unclear
speechocean762,test,353,003060259.wav,speechocean_0306,f,21,END OF THE ROAD FOR SOME PLAYERS,for,r,R,2.0,clear
speechocean762,test,2320,096220001.wav,speechocean_9622,f,20,"YOU SHOULD KNOW THAT, AND YOU ALWAYS WILL BE.",always,z,Z,0.0,unclear
speechocean762,test,2302,096180004.wav,speechocean_9618,f,24,THEY WERE ON MY SIDE OF THE STREAM NOW.,stream,r,R,0.2,unclear
speechocean762,train,1239,024020337.wav,speechocean_2402,f,21,I WISH YOU TO TAKE CARE OF THESE TWO LETTERS,care,r,R,2.0,clear
speechocean762,train,560,010440006.wav,speechocean_1044,f,7,MANDY IS GOING TO SEE SHARK,see,s,S,2.0,clear
speechocean762,train,1485,030680034.wav,speechocean_3068,m,9,WHO WAS THE BOY,was,z,Z,1.8,clear
speechocean762,train,1577,034230154.wav,speechocean_3423,f,9,IT WAS A GREAT DAY THIS,great,r,R,2.0,clear
speechocean762,test,1980,080680011.wav,speechocean_8068,f,14,I COULDN'T THINK OF SUCH A THING,thing,th,TH,1.8,clear
speechocean762,test,243,001200081.wav,speechocean_0120,f,19,I THINK IT'S A WONDERFUL CONCEPT,think,th,TH,2.0,clear
speechocean762,test,1122,020160093.wav,speechocean_2016,m,19,HE IS CONCERNED ABOUT PEACE AND FREEDOM,peace,s,S,2.0,clear
speechocean762,train,2438,096430020.wav,speechocean_9643,f,25,"IN FACT, WE FOUND THEM EXCEEDINGLY USEFUL.",useful,s,S,2.0,clear
speechocean762,train,1427,030230170.wav,speechocean_3023,m,19,WHAT A DREAM COME TRUE THAT WOULD BE,true,r,R,2.0,clear
speechocean762,test,1362,024510061.wav,speechocean_2451,f,23,IT'S TOO PRECIOUS TO US TO LET IT DIE,us,s,S,2.0,clear
speechocean762,test,1566,030140075.wav,speechocean_3014,m,9,I TELL YOU WHAT IT'S LIKE,it's,s,S,2.0,clear
speechocean762,test,1957,069020163.wav,speechocean_6902,m,12,SHE DID NOT CRY AT ALL,cry,r,R,0.0,unclear
speechocean762,test,1408,025380152.wav,speechocean_2538,f,21,MEANWHILE IS IT PIG ROAST YET,is,z,Z,2.0,clear
speechocean762,train,2041,090700008.wav,speechocean_9070,f,15,ONE TWICE AND THE THIRD TIME DEATH,third,th,TH,2.0,clear
speechocean762,train,1090,022080187.wav,speechocean_2208,f,20,SO AS SOON AS THAT HAPPENS,as,z,Z,1.8,clear
speechocean762,test,1199,020310376.wav,speechocean_2031,f,21,THAT'S HOW YOU CAN TELL IT'S THERE,there,r,R,2.0,clear
speechocean762,train,220,001030008.wav,speechocean_0103,m,6,JACK HAS GOT SOME LEMON,has,z,Z,1.8,clear
speechocean762,train,2487,096490008.wav,speechocean_9649,m,20,A BROKEN LAND SITTING ON BROKEN GROUND.,broken,r,R,0.0,unclear
speechocean762,train,1961,080020002.wav,speechocean_8002,m,23,IT WAS VERY VERY STRANGE,strange,r,R,2.0,clear
speechocean762,train,517,010290341.wav,speechocean_1029,m,31,NOTHING COMES FROM A SINGLE CAUSE BUT FROM MANY,nothing,th,TH,2.0,clear
speechocean762,train,106,000480033.wav,speechocean_0048,m,6,ZERO FIVE EIGHT THREE,three,r,R,0.4,unclear
speechocean762,train,991,020890260.wav,speechocean_2089,f,20,WINDOWS OPEN TRANSFORMERS IN BED,transformers,r,R,2.0,clear
speechocean762,test,2465,096400008.wav,speechocean_9640,f,29,"DEATH SHOULD BE VEILED, THE GRAVE SHOULD HAVE ITS RESERVE.",its,s,S,0.0,unclear
speechocean762,train,2275,096160016.wav,speechocean_9616,f,28,I SHOULD HAVE THOUGHT IT THROUGH.,through,r,R,0.0,unclear
speechocean762,train,1200,023800015.wav,speechocean_2380,f,21,I AM SO SORRY TO ALL OF YOU,sorry,r,R,2.0,clear
speechocean762,train,776,014070341.wav,speechocean_1407,m,24,OF ALL SUBJECTS OF DISCUSSION THIS IS THE MOST DIFFICULT,subjects,s,S,2.0,clear
speechocean762,train,1265,024300068.wav,speechocean_2430,f,22,SO THEY HAVE TO GO WITH MORE SOPHISTICATE POSITIONING,positioning,z,Z,0.6,unclear
speechocean762,test,2020,085810002.wav,speechocean_8581,f,15,AND DOWN I GO FOR THE TENTH TIME,tenth,th,TH,2.0,clear
speechocean762,test,1705,050150070.wav,speechocean_5015,m,10,I KNOW NOTHING OF THESE STORIES,nothing,th,TH,2.0,clear
speechocean762,train,1029,021680246.wav,speechocean_2168,f,20,MAN PILLAR IS THE BEST,best,s,S,2.0,clear
speechocean762,train,2213,096130014.wav,speechocean_9613,f,33,"HE WAS, HE ADMITTED, NEVER VERY GOOD WITH HIS HANDS.",with,th,TH,0.0,unclear
speechocean762,train,1415,030210143.wav,speechocean_3021,f,9,IT IS ONLY FOUR FEET HIGH,is,z,Z,1.8,clear
speechocean762,train,868,014470053.wav,speechocean_1447,m,7,LUCY LIKES RUNNING,running,r,R,2.0,clear
speechocean762,test,2113,091070140.wav,speechocean_9107,m,15,YOU HAVE NO NEED TO TROUBLE YOURSELF TO COME,yourself,s,S,2.0,clear
speechocean762,train,1891,065040118.wav,speechocean_6504,m,12,HOW ON EARTH DID HE GET THERE,earth,th,TH,2.0,clear
speechocean762,test,2167,095550075.wav,speechocean_9555,f,15,THE LIFT HAD STOPPED AT THEIR FLOOR,their,r,R,2.0,clear
speechocean762,train,632,011970107.wav,speechocean_1197,m,7,SO LISA WENT ON TO PLAYGROUND,lisa,s,S,2.0,clear
speechocean762,train,980,020890003.wav,speechocean_2089,f,20,IT WAS SOMETHING THAT NEVER HAPPENED TO US BEFORE,was,z,Z,1.8,clear
speechocean762,train,2129,096060010.wav,speechocean_9606,f,21,YOU THOUGHT THE DREADFUL PLACE HAD YOU ONCE MORE!,dreadful,r,R,0.0,unclear
speechocean762,train,2239,096140022.wav,speechocean_9614,f,28,I WOULD LOVE FOR US TO STAY THERE ONCE AGAIN.,us,s,S,2.0,clear
speechocean762,train,2100,096040001.wav,speechocean_9604,f,21,"HE JUMPED UP, BUT ALL WAS STILL ABOUT HIM.",was,z,Z,0.0,unclear
speechocean762,test,1214,021120250.wav,speechocean_2112,f,20,LESS GOVERNMENT NOT MORE IS THE SOLUTION,solution,s,S,2.0,clear
speechocean762,test,540,010370025.wav,speechocean_1037,m,35,THEN I WAS LOOKING TO DO SOMETHING BETTER,something,th,TH,2.0,clear
speechocean762,train,2134,096060015.wav,speechocean_9606,f,21,SHE WANTED TO SAY SOMETHING ABOUT THIS.,something,th,TH,1.8,clear
speechocean762,train,1844,061210063.wav,speechocean_6121,f,11,VERY WELL I HAVE NO MORE QUESTIONS TO ASK,more,r,R,2.0,clear
speechocean762,train,300,001450037.wav,speechocean_0145,f,7,FOUR THREE THREE EIGHT,three,th,TH,1.8,clear
speechocean762,train,769,014070265.wav,speechocean_1407,m,24,THAT'S HOW THEY SAY IT IN SOUTH,south,th,TH,2.0,clear
speechocean762,train,1845,061210068.wav,speechocean_6121,f,11,I TOOK MY HEAD IN MY HANDS AND THOUGHT,thought,th,TH,1.8,clear
speechocean762,train,841,014390009.wav,speechocean_1439,m,6,DAVID RAN AWAY FROM THE CAT,from,r,R,2.0,clear
speechocean762,test,1952,069020103.wav,speechocean_6902,m,12,AT ALL EVENTS I WANT TO TRY,try,r,R,2.0,clear
speechocean762,test,1762,050390020.wav,speechocean_5039,f,12,THE PAIR WERE MARCHED AWAY,pair,r,R,2.0,clear
speechocean762,train,2255,096150024.wav,speechocean_9615,f,21,"IT WAS THE LITERATURE OF LOVE, NOT OF THE LOVE.",literature,r,R,0.8,unclear
speechocean762,train,1250,024270176.wav,speechocean_2427,f,22,STILL WAITING FOR IT TO HAPPEN,still,s,S,2.0,clear
speechocean762,train,2179,096090027.wav,speechocean_9609,m,27,SHE ACCEPTED IT AND PUT IT WITH HER THINGS.,things,th,TH,0.0,unclear
speechocean762,train,1183,022820042.wav,speechocean_2282,f,21,SOMEBODY WHO CAN HIT HOME RUNS AND DRIVE IN RUNS,drive,r,R,2.0,clear
speechocean762,train,565,010440039.wav,speechocean_1044,f,7,THREE SIX FOUR SEVEN,three,th,TH,1.8,clear
speechocean762,train,2019,085850170.wav,speechocean_8585,m,15,NEVER SAW ANYTHING LIKE IT NEVER IN MY LIFE,anything,th,TH,1.8,clear
speechocean762,test,1328,024410173.wav,speechocean_2441,f,19,WONDER WHAT HE THINKS WE SHOULD DO WITH HIM,thinks,th,TH,2.0,clear
speechocean762,train,1035,021680318.wav,speechocean_2168,f,20,OH HE'S A NICE MAN IS YOUR FATHER,he's,z,Z,1.8,clear
speechocean762,train,2388,096340012.wav,speechocean_9634,m,32,"THE OTHER ONE WAS BACK, IT WAS TIME AGAIN.",was,z,Z,0.0,unclear
speechocean762,test,2252,096100013.wav,speechocean_9610,f,22,"IF SO, WHAT WAS IT?",was,z,Z,2.0,clear
speechocean762,test,484,008110110.wav,speechocean_0811,f,20,GUNS WERE USED FOR ABOUT THREE OF EVERY FIVE KILLINGS,guns,z,Z,1.8,clear
speechocean762,train,866,014470039.wav,speechocean_1447,m,7,ONE NINE THREE FOUR,three,r,R,2.0,clear
speechocean762,test,2138,091180161.wav,speechocean_9118,f,15,NOTHING REMAINS FOR US BUT WAIT AND HOPE,remains,z,Z,1.8,clear
speechocean762,test,2069,090880120.wav,speechocean_9088,f,15,THINK OF ME AS THROUGH I WERE YOU SISTER,through,th,TH,2.0,clear
speechocean762,test,2492,096470016.wav,speechocean_9647,f,20,HOW MANY KINGDOMS KNOW US NOT!,us,s,S,0.4,unclear
speechocean762,train,2185,096110006.wav,speechocean_9611,f,30,YOU GET TO DO THIS JOB ON YOUR OWN.,this,s,S,0.4,unclear
speechocean762,test,1791,050720079.wav,speechocean_5072,m,10,BUT THAT HAS NOTHING TO DO WITH A MAN,nothing,th,TH,2.0,clear
speechocean762,test,2106,091070061.wav,speechocean_9107,m,15,THE SHOCK WAS TOO MUCH FOR HIM,was,z,Z,0.8,unclear
speechocean762,train,1733,054140115.wav,speechocean_5414,f,11,I SHALL HAVE THINGS TO SAY,things,th,TH,2.0,clear
speechocean762,test,69,000490097.wav,speechocean_0049,f,7,SANDY LIKES THE OLD MAP,sandy,s,S,2.0,clear
speechocean762,test,899,014040155.wav,speechocean_1404,m,7,O MY BROTHER'S CHILD,brother's,r,R,2.0,clear
speechocean762,train,2311,096240012.wav,speechocean_9624,m,29,THERE WAS SOMETHING ABOUT THE WOMAN THAT MADE HIM UNEASY.,there,r,R,2.0,clear
speechocean762,test,1736,050170145.wav,speechocean_5017,f,10,HE COULD HEAR NO MORE THAN BEFORE,more,r,R,2.0,clear
speechocean762,test,2311,096180014.wav,speechocean_9618,f,24,I ALWAYS THOUGHT HE WAS A GOOD PERSON.,thought,th,TH,0.0,unclear
speechocean762,train,2295,096190016.wav,speechocean_9619,m,24,HE ASKED AS HE PUT HIS ARM AROUND HER.,arm,r,R,0.8,unclear
speechocean762,test,2231,096080017.wav,speechocean_9608,f,30,SHE CLOSED HER EYES AND THOUGHT BACK.,closed,z,Z,0.0,unclear
speechocean762,test,93,000920126.wav,speechocean_0092,f,6,MARY THIS IS GARDEN BEACH,mary,r,R,2.0,clear
speechocean762,test,1513,029370221.wav,speechocean_2937,m,19,IT'S SUCH A GREAT SERIES,such,s,S,2.0,clear
speechocean762,test,771,011810222.wav,speechocean_1181,m,23,THAT'S NOT EVEN A PREDICTION,prediction,r,R,2.0,clear
speechocean762,train,2474,096460016.wav,speechocean_9646,f,21,CHAPTER ONE: FIRST DAY AT SCHOOL!,school,s,S,2.0,clear
speechocean762,test,364,004570124.wav,speechocean_0457,f,21,THANK YOU SO MUCH FOR IT,so,s,S,2.0,clear
speechocean762,test,842,012930028.wav,speechocean_1293,m,32,MORALE IN SOME PARTS OF COMPANY IS NOT STRONG,morale,r,R,2.0,clear
speechocean762,test,33,000240289.wav,speechocean_0024,f,25,COMPETITION IS GOOD FOR THE INDUSTRY,industry,s,S,2.0,clear
speechocean762,test,1865,054320041.wav,speechocean_5432,f,11,THAT'S WHAT I FEEL SO STRONG YOU KNOW,that's,s,S,0.0,unclear
speechocean762,train,722,013620106.wav,speechocean_1362,f,21,IF YOU MISS THERE'S A RARELY CONSEQUENCE,there's,r,R,2.0,clear
speechocean762,test,1064,020020123.wav,speechocean_2002,f,28,AND WE KNOW YOU ARE TOO,are,r,R,2.0,clear
speechocean762,test,2279,096120020.wav,speechocean_9612,f,20,BUT THAT IS AT AN END.,is,z,Z,1.8,clear
speechocean762,train,985,020890165.wav,speechocean_2089,f,20,AS PART OF THE RUN UP TO RELEASE,run,r,R,2.0,clear
speechocean762,train,1156,022440340.wav,speechocean_2244,f,20,THE TRAIL THOUGH WOULD BE EXTENSIVE,trail,r,R,2.0,clear
speechocean762,train,2436,096430018.wav,speechocean_9643,f,25,SO EVERYONE WOULD BE SATISFIED.,satisfied,s,S,0.0,unclear
speechocean762,test,1955,069020143.wav,speechocean_6902,m,12,THESE MEN DO NOT RETURN,return,r,R,2.0,clear
speechocean762,test,209,001130073.wav,speechocean_0113,m,6,MANDY GIVES UP ROWING,rowing,r,R,2.0,clear
speechocean762,train,957,020590322.wav,speechocean_2059,f,21,WE WERE ALWAYS DOING SOMETHING AS IT WAS,something,th,TH,1.8,clear
speechocean762,test,1070,020020208.wav,speechocean_2002,f,28,HALF THE COUNTRY WAS TRYING TO TELL YOU,was,z,Z,1.8,clear
speechocean762,test,57,000440163.wav,speechocean_0044,m,6,YOU CAN PLAY WITH IT,with,th,TH,2.0,clear
speechocean762,train,1243,024270051.wav,speechocean_2427,f,22,OTHERS ARE NOT QUITE SO SURE HOWEVER,so,s,S,2.0,clear
speechocean762,train,2446,096450007.wav,speechocean_9645,f,20,LET US INSTALL OURSELVES IN THIS HALL.,this,s,S,0.0,unclear
speechocean762,test,1889,055470105.wav,speechocean_5547,m,11,I KNOW NOTHING OF PARTIES,nothing,th,TH,1.8,clear
speechocean762,train,93,000360314.wav,speechocean_0036,f,21,BUT TELL ME THE TRUTH,truth,th,TH,2.0,clear
speechocean762,train,274,001310152.wav,speechocean_0131,m,7,IT IS A LONG JOURNEY,is,z,Z,2.0,clear
speechocean762,test,1157,020270170.wav,speechocean_2027,m,8,IS HE NOT GOOD,is,z,Z,2.0,clear
speechocean762,test,800,012280016.wav,speechocean_1228,m,26,REALITY IS NOT AS DRAMATIC,dramatic,r,R,0.8,unclear
speechocean762,test,1454,028920235.wav,speechocean_2892,m,24,I THINK YOU CAN TAKE IT YOURSELF,yourself,r,R,2.0,clear
speechocean762,test,320,001570024.wav,speechocean_0157,f,21,THE RESEARCHERS FOUND THAT TO BE THE CASE,researchers,s,S,2.0,clear
speechocean762,train,542,010420025.wav,speechocean_1042,f,7,ALISA IS FROM CHINA,is,z,Z,2.0,clear
speechocean762,train,2316,096240017.wav,speechocean_9624,m,29,I PUT MY HAND IN FRONT OF HER.,front,r,R,0.0,unclear
speechocean762,test,257,001200306.wav,speechocean_0120,f,19,THE OTHERS WERE TO COME AND SEE IT,others,z,Z,1.8,clear
speechocean762,test,790,011860317.wav,speechocean_1186,m,23,IT EASY PREVAIL SYSTEM,system,s,S,2.0,clear
speechocean762,test,1325,024410149.wav,speechocean_2441,f,19,WHAT DO YOU THINK OF MY STATUE,think,th,TH,2.0,clear
speechocean762,train,1925,070010006.wav,speechocean_7001,m,26,WHAT HE WAS TALKING ABOUT WAS SPORTS IN GENERAL,sports,s,S,0.4,unclear
speechocean762,train,2052,090700082.wav,speechocean_9070,f,15,THEY LIVED ON PUBLIC DEATH,death,th,TH,2.0,clear
speechocean762,train,727,013620143.wav,speechocean_1362,f,21,SHOULD BE FUN TO SEE THE RESULTS,results,r,R,2.0,clear
speechocean762,test,2428,096330012.wav,speechocean_9633,f,21,WE WERE THE SAME.I OPENED MY EYES.,eyes,z,Z,0.0,unclear
speechocean762,test,692,010990218.wav,speechocean_1099,m,43,CHANGE IS PART OF GROWING,part,r,R,2.0,clear
speechocean762,train,530,010330197.wav,speechocean_1033,m,30,IT'S A GOOD THING THAT THE GOVERNMENT IS LISTENING,listening,s,S,2.0,clear
speechocean762,train,510,010290252.wav,speechocean_1029,m,31,ROUGH STAR TO THE YEAR BUT IT WILL GET BETTER,rough,r,R,2.0,clear
speechocean762,train,664,012600131.wav,speechocean_1260,m,25,HAVE A LITTLE BIT OF FAITH LOVE,faith,th,TH,2.0,clear
speechocean762,train,2074,095560133.wav,speechocean_9556,m,15,HE AND HIS BROTHER SEEMED TO CHANGE PLACES,brother,r,R,2.0,clear
speechocean762,test,1709,050150116.wav,speechocean_5015,m,10,BUT AS IT WAS THINGS SOON RIGHTED THEMSELVES,things,th,TH,1.8,clear
speechocean762,test,682,010990060.wav,speechocean_1099,m,43,WEDNESDAY WAS ONE OF THOSE TIMES,those,z,Z,1.8,clear
speechocean762,train,317,001450171.wav,speechocean_0145,f,7,THIS IS TODAY PIG'S OFFICER,pig's,s,S,1.8,clear
speechocean762,test,2284,096170006.wav,speechocean_9617,f,35,BUT NOW FOR THE FIRST TIME SOMETHING HAD MESSED UP.,something,th,TH,1.8,clear
speechocean762,test,689,010990165.wav,speechocean_1099,m,43,WELL ONE OF MY THINGS,things,th,TH,2.0,clear
speechocean762,test,1722,050170005.wav,speechocean_5017,f,10,NOTHING HERE IS REALLY HIS,really,r,R,2.0,clear
speechocean762,train,841,014390009.wav,speechocean_1439,m,6,DAVID RAN AWAY FROM THE CAT,ran,r,R,2.0,clear
speechocean762,test,38,000240350.wav,speechocean_0024,f,25,IT WAS A PROOF OF HIS FRIENDSHIP,proof,r,R,2.0,clear
speechocean762,test,1908,060670044.wav,speechocean_6067,f,12,YOU HAVE HAD IF OF OUR QUIET LIFE A READY,ready,r,R,2.0,clear
speechocean762,train,128,000530060.wav,speechocean_0053,f,6,SIR THREE PLANTING GRAFF,three,r,R,1.8,clear
speechocean762,train,2170,096090017.wav,speechocean_9609,m,27,I WAS COMPLETELY IN MY OWN WORLD RIGHT NOW.,right,r,R,0.0,unclear
speechocean762,test,1342,024480094.wav,speechocean_2448,f,19,WE HAVE NO INTEREST IN ATTEMPTING TO DO THAT,interest,r,R,2.0,clear
speechocean762,train,2064,095560031.wav,speechocean_9556,m,15,NOTHING COULD TRUE HIM FROM HIS PURPOSE,nothing,th,TH,1.8,clear
speechocean762,test,1151,020270136.wav,speechocean_2027,m,8,DOES HE WASH TO SEE ME,does,z,Z,2.0,clear
speechocean762,test,1100,020140004.wav,speechocean_2014,f,9,JAYME CAN DRAW THE WAR,war,r,R,2.0,clear
speechocean762,test,1078,020020361.wav,speechocean_2002,f,28,WHAT HAVE I TO CARE FOR,for,r,R,2.0,clear
speechocean762,test,2392,096290015.wav,speechocean_9629,f,25,"SHE ASKED, LOOKING UP AT ME.",asked,s,S,2.0,clear
speechocean762,train,708,013360146.wav,speechocean_1336,m,24,SO I CAN TAKE A LISTEN,so,s,S,2.0,clear
speechocean762,test,898,014040152.wav,speechocean_1404,m,7,MY GRANDMA IS HAPPY TOO,grandma,r,R,2.0,clear
speechocean762,test,1902,060670017.wav,speechocean_6067,f,12,OLD MEN LIKE MYSELF YOU CARE NOTHING ABOUT,care,r,R,2.0,clear
speechocean762,train,976,020610316.wav,speechocean_2061,f,20,IT WAS ABOUT THAT PLAN OF ESCAPE,was,z,Z,1.8,clear
speechocean762,train,454,009600270.wav,speechocean_0960,m,28,THINKING OF HIS FAMILY AND FRIENDS,his,z,Z,1.8,clear
speechocean762,train,2099,096000022.wav,speechocean_9600,f,28,SHE SHOULD BE THERE IN ABOUT AN HOUR.,there,r,R,0.8,unclear
speechocean762,test,988,014690062.wav,speechocean_1469,m,6,DOES LOWEN LIKE THE STEAK,does,z,Z,1.8,clear
speechocean762,test,946,014220048.wav,speechocean_1422,m,7,TINA IS NOT VERY GOOD AT GYMNASTICS,gymnastics,s,S,0.0,unclear
speechocean762,test,627,010610069.wav,speechocean_1061,f,7,SANDY ATE A LITTLE PORK,pork,r,R,2.0,clear
speechocean762,test,25,000240099.wav,speechocean_0024,f,25,WHAT HE WAS TALKING ABOUT WAS SPORTS IN GENERAL,general,r,R,2.0,clear
speechocean762,train,2435,096430017.wav,speechocean_9643,f,25,"MY BREATH COMES IN IN SHARP, PAINFUL BURSTS.",breath,r,R,0.4,unclear
speechocean762,train,666,012600186.wav,speechocean_1260,m,25,WELL THAT WAS A BAD PERIOD,was,z,Z,2.0,clear
speechocean762,test,207,001130047.wav,speechocean_0113,m,6,SIX SEVEN NINE SEVEN,seven,s,S,2.0,clear
speechocean762,train,2192,096110015.wav,speechocean_9611,f,30,"I TURNED TO LOOK BEHIND ME, AND SAW NOTHING.",nothing,th,TH,1.8,clear
speechocean762,test,119,000930162.wav,speechocean_0093,f,6,I'M A NOT PARROT,parrot,r,R,2.0,clear
speechocean762,test,86,000920055.wav,speechocean_0092,f,6,CLAUS PAST LANTERN,claus,s,S,2.0,clear
speechocean762,train,419,007390355.wav,speechocean_0739,m,20,BUT WE MUST SPEAK FURTHER OF IN HIS SONGS,must,s,S,2.0,clear
speechocean762,test,749,011560184.wav,speechocean_1156,m,33,THANKS FOR TAKING THE TIME TO DO THE STORY,thanks,th,TH,2.0,clear
speechocean762,train,1269,024300099.wav,speechocean_2430,f,22,THE ECONOMY IS FAR FROM SOUND,far,r,R,2.0,clear
speechocean762,train,115,000480134.wav,speechocean_0048,m,6,LIKES THE STRING BEAN,string,r,R,0.4,unclear
speechocean762,train,754,013720233.wav,speechocean_1372,f,21,THAT WAS THE MESSAGE RIGHT,right,r,R,2.0,clear
speechocean762,test,955,014220140.wav,speechocean_1422,m,7,TIM IS NOT A REAL STUDENT,is,z,Z,1.8,clear
speechocean762,test,36,000240324.wav,speechocean_0024,f,25,SHE WOULD BE SORRY FOR HIS DEATH,death,th,TH,2.0,clear
speechocean762,test,1754,050290145.wav,speechocean_5029,m,11,THEN IN THAT CASE I CAN TELL YOU NOTHING,nothing,th,TH,2.0,clear
speechocean762,train,1049,021700211.wav,speechocean_2170,f,22,WHICH WAS A STUPID THING TO DO,thing,th,TH,2.0,clear
speechocean762,test,1456,028920242.wav,speechocean_2892,m,24,WANT TO GET RID OF THOSE DARK SPOTS,spots,s,S,2.0,clear
speechocean762,train,420,008130061.wav,speechocean_0813,f,20,IT WAS JUST LIKE A SPRING TRAINING PLAY,was,z,Z,1.8,clear
speechocean762,train,2077,095560163.wav,speechocean_9556,m,15,I MIGHT AS WELL GO,as,z,Z,2.0,clear
speechocean762,test,663,010760032.wav,speechocean_1076,m,7,ZERO NINE SEVEN EIGHT,zero,z,Z,2.0,clear
speechocean762,train,84,000360133.wav,speechocean_0036,f,21,UNFORTUNATELY NO ONE IS ALLOW TO SAY,say,s,S,2.0,clear
speechocean762,train,2204,096130005.wav,speechocean_9613,f,33,"SHE HAD LOVED BEFORE, BUT NOT LIKE THIS.",this,s,S,0.8,unclear
speechocean762,train,171,000560086.wav,speechocean_0056,m,6,TEDDY CAN SEE THE CAR,car,r,R,2.0,clear
speechocean762,train,153,000540111.wav,speechocean_0054,m,6,MARY CAN SEE THE THIEF,mary,r,R,2.0,clear
speechocean762,train,703,013360082.wav,speechocean_1336,m,24,IT IS THE RESULT OF MAJOR REFORM IN THE COUNTRY,is,z,Z,1.8,clear
speechocean762,test,1270,023270237.wav,speechocean_2327,f,22,IF YOU ARE BLAMING YOU ARE NOT BEING GRATEFUL,are,r,R,2.0,clear
speechocean762,test,2344,096230006.wav,speechocean_9623,m,21,THERE WAS NO NEED FOR HIM TOO.,was,z,Z,0.0,unclear
speechocean762,train,647,012030036.wav,speechocean_1203,m,7,FIVE NINE FIVE THREE,three,r,R,2.0,clear
speechocean762,test,1970,080630091.wav,speechocean_8063,f,13,NOW WILL YOU PLEASE SIT QUIRT STILL,please,z,Z,1.8,clear
speechocean762,test,759,011560372.wav,speechocean_1156,m,33,TO SAY SUCH A THING,such,s,S,2.0,clear
speechocean762,train,808,014190064.wav,speechocean_1419,m,7,HENNY SMELLS FRESH BREAD,bread,r,R,2.0,clear
speechocean762,test,947,014220058.wav,speechocean_1422,m,7,DOES JAYME LIKE THE BREAD,does,z,Z,2.0,clear
speechocean762,train,2086,096000008.wav,speechocean_9600,f,28,HE WAS THERE WHEN HIS BEST FRIEND ASKED HER OUT.,his,z,Z,0.0,unclear
speechocean762,test,2021,085810012.wav,speechocean_8581,f,15,IN THIS CASE WHAT A WAR,war,r,R,2.0,clear
speechocean762,train,723,013620108.wav,speechocean_1362,f,21,BUT THERE WAS NO ONE WHO COULD HELP,there,r,R,2.0,clear
speechocean762,test,1329,024410222.wav,speechocean_2441,f,19,OR IT IS JUST ME AND WHO CARES,is,z,Z,2.0,clear
speechocean762,test,2437,096330021.wav,speechocean_9633,f,21,HE WAS NOT HARD TO SEE FROM WHERE SHE WAS.,was,z,Z,2.0,clear
speechocean762,test,1940,069020006.wav,speechocean_6902,m,12,THAT IS WHAT MR WRIGHT ASKS,wright,r,R,0.8,unclear
speechocean762,train,1859,061210174.wav,speechocean_6121,f,11,EVERYONE STARTED WITH SURPRISE,surprise,s,S,2.0,clear
speechocean762,test,1900,060670002.wav,speechocean_6067,f,12,I THINK YOU DID NOT LIKE HIS PARENTS,think,th,TH,2.0,clear
speechocean762,train,374,005750298.wav,speechocean_0575,f,19,HOPE IS IN THE TOUR,is,z,Z,2.0,clear
speechocean762,train,1285,024500139.wav,speechocean_2450,f,19,BUT I KNOW WHAT YOU ARE,are,r,R,2.0,clear
speechocean762,test,224,001140054.wav,speechocean_0114,m,6,THREE FOUR THREE NINE,three,th,TH,1.8,clear
speechocean762,train,312,001450140.wav,speechocean_0145,f,7,OFFER IS BEST,best,s,S,0.6,unclear
speechocean762,test,236,001140140.wav,speechocean_0114,m,6,BILLY IS NOT A NURSE,nurse,s,S,0.8,unclear
speechocean762,train,1708,054080065.wav,speechocean_5408,m,11,AND THE THREE TURNED AWAY,three,th,TH,1.8,clear
speechocean762,test,570,010390189.wav,speechocean_1039,m,38,CARS HAVE COME A LONG WAY TOO,cars,r,R,2.0,clear
speechocean762,test,1306,024380197.wav,speechocean_2438,f,21,USED TO BE AN OLD SCHOOL I THINK,think,th,TH,2.0,clear
speechocean762,train,2476,096460018.wav,speechocean_9646,f,21,THIS PLACE IS BAD NEWS.,place,s,S,2.0,clear
speechocean762,test,1217,021120309.wav,speechocean_2112,f,20,THE FATHER OF HER CHILD WAS NOT EIGHTEEN YEARS OLD,was,z,Z,1.8,clear
speechocean762,train,2434,096430016.wav,speechocean_9643,f,25,EVEN IF IT TAKES SEVERAL YEARS.,takes,s,S,0.8,unclear
speechocean762,train,1000,021290009.wav,speechocean_2129,f,20,THE RACE IS TOO CLOSE TO CALL,close,s,S,2.0,clear
speechocean762,train,993,020890274.wav,speechocean_2089,f,20,I THOUGHT THIS WOULD BE SO EASY TO DRAW,thought,th,TH,2.0,clear
speechocean762,train,2371,096300012.wav,speechocean_9630,f,33,I THOUGHT TO MYSELF AS I MADE UP MY MIND.,thought,th,TH,2.0,clear
speechocean762,train,94,000360332.wav,speechocean_0036,f,21,THE FIRST QUESTION WAS AN OBVIOUS ONE,was,z,Z,1.8,clear
speechocean762,train,858,014390156.wav,speechocean_1439,m,6,IT IS NOT HERE YOU SEE,is,z,Z,1.8,clear
speechocean762,train,2487,096490008.wav,speechocean_9649,m,20,A BROKEN LAND SITTING ON BROKEN GROUND.,broken,r,R,0.0,unclear
speechocean762,test,127,000940067.wav,speechocean_0094,m,6,TEDDY IS GOOD AT TENNIS,is,z,Z,1.8,clear
speechocean762,test,961,014650023.wav,speechocean_1465,m,8,CATHY IS A FRIEND FROM FREEZE,cathy,th,TH,2.0,clear
speechocean762,test,376,004570300.wav,speechocean_0457,f,21,PEOPLE CAN DO WHAT THEY WANT WITH THEIR SPOONS,with,th,TH,2.0,clear
speechocean762,train,2064,095560031.wav,speechocean_9556,m,15,NOTHING COULD TRUE HIM FROM HIS PURPOSE,true,r,R,2.0,clear
speechocean762,train,207,000750068.wav,speechocean_0075,m,6,MARY LIKES TENNIS,tennis,s,S,2.0,clear
speechocean762,train,1682,054010014.wav,speechocean_5401,m,11,WITH MY OWN HAND,with,th,TH,1.8,clear
speechocean762,test,1427,027400171.wav,speechocean_2740,m,20,I HAD SO MUCH FUN WITH YOU YESTERDAY,so,s,S,2.0,clear
speechocean762,test,495,008110286.wav,speechocean_0811,f,20,EVERYTHING IS STARTING TO FALL INTO PLACE PERFECTLY,everything,th,TH,2.0,clear
speechocean762,train,521,010330033.wav,speechocean_1033,m,30,THERE'S NO TIME TO WASTE,there's,r,R,2.0,clear
speechocean762,train,2325,096250007.wav,speechocean_9625,f,25,BUT OF ONE THING SHE IS SURE.,thing,th,TH,2.0,clear
speechocean762,test,546,010370202.wav,speechocean_1037,m,35,SO KIND GOD BLESS YOU,so,s,S,2.0,clear
speechocean762,train,288,001350194.wav,speechocean_0135,f,20,THE GOOD THING IS THAT WE CAN SEE THE GAME,thing,th,TH,2.0,clear
speechocean762,test,2159,095530173.wav,speechocean_9553,f,15,I WANT THE TRUTH THE TRUTH,truth,th,TH,2.0,clear
speechocean762,test,2258,096100019.wav,speechocean_9610,f,22,IT WAS WHEN I WAS VERY YOUNG.,very,r,R,2.0,clear
speechocean762,test,1180,020310032.wav,speechocean_2031,f,21,THEY HAD A GREAT MISSION,great,r,R,2.0,clear
speechocean762,train,2454,096450016.wav,speechocean_9645,f,20,DEATH ITSELF HAD COME WITHOUT PAIN.,itself,s,S,0.0,unclear
speechocean762,train,1230,024020233.wav,speechocean_2402,f,21,SO THIS SEEMS LIKE A PRETTY BIG DEAL,pretty,r,R,2.0,clear
speechocean762,train,2118,096040024.wav,speechocean_9604,f,21,SHE WAS LOOKING FOR A BREATH OF LIFE.,breath,th,TH,0.0,unclear
speechocean762,train,2489,096490010.wav,speechocean_9649,m,20,NO SUCH THING AS TRUST.,thing,th,TH,1.8,clear
speechocean762,train,2094,096000016.wav,speechocean_9600,f,28,BUT I WAS YOUNG THEN AND A LITTLE TOO CURIOUS.,was,z,Z,0.0,unclear
speechocean762,test,1677,034120170.wav,speechocean_3412,m,9,IN SHORT IT WAS HIS DAY,was,z,Z,1.8,clear
speechocean762,test,356,003060291.wav,speechocean_0306,f,21,I THINK IT'S STILL A MATTER OF TASTE THROUGH,through,th,TH,2.0,clear
speechocean762,test,2256,096100017.wav,speechocean_9610,f,22,THERE WAS NOTHING LEFT FOR ME.,nothing,th,TH,2.0,clear
speechocean762,train,397,005940318.wav,speechocean_0594,f,21,I FEEL JUST AS IF I WERE IN A BOOK,as,z,Z,2.0,clear
speechocean762,test,1312,024380276.wav,speechocean_2438,f,21,SO GIVE ME SOMETHING TO BELIEVE,something,th,TH,2.0,clear
speechocean762,train,660,012600017.wav,speechocean_1260,m,25,A NEW TRACK IS PLANNED FOR THE FUTURE,track,r,R,2.0,clear
speechocean762,train,2358,096280029.wav,speechocean_9628,m,26,HE HAD TO GO THROUGH WITH IT.,through,r,R,0.4,unclear
speechocean762,train,1806,060100047.wav,speechocean_6010,f,12,BUT SUCH IS THE WAY ALL THE GREAT,such,s,S,2.0,clear
speechocean762,train,546,010420059.wav,speechocean_1042,f,7,LOVES SMELL FRESH BUFF,fresh,r,R,2.0,clear
speechocean762,test,2125,091180050.wav,speechocean_9118,f,15,SHE WANTS TO ASK YOU HERSELF,herself,s,S,2.0,clear
speechocean762,train,2276,096160017.wav,speechocean_9616,f,28,IT SEEMED THAT WAS WHERE IT WAS COMING FROM.,where,r,R,2.0,clear
speechocean762,train,602,010920025.wav,speechocean_1092,m,8,TIM IS A FRIEND FROM GERMAN,is,z,Z,2.0,clear
speechocean762,train,1179,022510368.wav,speechocean_2251,f,21,BUT HOW MANY WILL NEVER SEE IT,see,s,S,2.0,clear
speechocean762,train,1747,054180063.wav,speechocean_5418,f,11,HIS FACE WAS COLD,face,s,S,2.0,clear
speechocean762,train,846,014390064.wav,speechocean_1439,m,6,DOES JIM LIKE THE CAKE,does,z,Z,2.0,clear
speechocean762,test,2481,096470003.wav,speechocean_9647,f,20,"A THIRD FINISHED.""WELL, THERE YOU HAVE IT.""",third,th,TH,0.0,unclear
speechocean762,train,170,000560084.wav,speechocean_0056,m,6,LOOK AT DORA'S CLOT,dora's,r,R,0.8,unclear
speechocean762,test,2005,081530038.wav,speechocean_8153,f,14,BUT YET I THINK THERE WAS SOMETHING WANTING,something,th,TH,1.8,clear
speechocean762,train,574,010440119.wav,speechocean_1044,f,7,TINA IS DRAWING THE MUSHROOM,is,z,Z,2.0,clear
speechocean762,test,860,013340007.wav,speechocean_1334,m,29,I THINK HE CAN PROVE HIMSELF ON HIS OWN,think,th,TH,2.0,clear
speechocean762,test,2199,095580173.wav,speechocean_9558,m,15,THIS MESSAGE GIVES ME HOPE,message,s,S,2.0,clear
speechocean762,train,216,000750128.wav,speechocean_0075,m,6,LAYLA HOT THE PEAR,pear,r,R,0.4,unclear
speechocean762,train,2488,096490009.wav,speechocean_9649,m,20,"ONCE AGAIN, HE HOPED IT WOULD LAST.",once,s,S,2.0,clear
speechocean762,train,2101,096040002.wav,speechocean_9604,f,21,SHE TURNED AND LOOKED AT HER OTHER FRIENDS.,friends,z,Z,0.0,unclear
speechocean762,train,219,000750149.wav,speechocean_0075,m,6,TIM LIVES IN MOST ROOM NOW,most,s,S,2.0,clear
speechocean762,train,1251,024270178.wav,speechocean_2427,f,22,LOOKS TO BE WORTH THE WAIT,looks,s,S,2.0,clear
speechocean762,train,2253,096150020.wav,speechocean_9615,f,21,"IT WAS AN AFFAIR, THAT, BUT OF A MOMENT.",affair,r,R,0.0,unclear
speechocean762,train,412,007390208.wav,speechocean_0739,m,20,LET US KNOW WHAT YOU THINK OF IT,think,th,TH,2.0,clear
speechocean762,test,339,001570378.wav,speechocean_0157,f,21,I WAS JUST THINKING OF SOMETHING ELSE,thinking,th,TH,2.0,clear
speechocean762,train,1779,054240152.wav,speechocean_5424,f,11,NO ONE SAW IT FOR A MOMENT OR SO,saw,s,S,2.0,clear
speechocean762,train,2168,096090014.wav,speechocean_9609,m,27,I MADE HIM LOOK ME INTO THE EYES.,eyes,z,Z,0.0,unclear
speechocean762,test,1256,022520358.wav,speechocean_2252,m,20,HER MOTHER HER MOUTH WAS VERY CLOSE TO HIS MOUTH,mouth,th,TH,2.0,clear
speechocean762,train,444,009600127.wav,speechocean_0960,m,28,THE ONLY THING YOU NEED TO SEE TODAY,thing,th,TH,1.8,clear
speechocean762,train,2178,096090026.wav,speechocean_9609,m,27,HE WAS AT A BETTER PLACE.,place,s,S,0.0,unclear
speechocean762,train,1051,021700232.wav,speechocean_2170,f,22,THEY ARE STILL VERY MUCH U S CITIZENS,are,r,R,2.0,clear
speechocean762,test,461,007650061.wav,speechocean_0765,m,20,NEARLY ALL REPUBLICANS VOTED AGAINST THE MEASURE,against,s,S,2.0,clear
speechocean762,test,1802,052200020.wav,speechocean_5220,m,11,PLAYS OFF AND ON ABOUT A COACH,plays,z,Z,2.0,clear
speechocean762,train,718,013360360.wav,speechocean_1336,m,24,THERE HE IS ON THE BACK SEAT,there,r,R,2.0,clear
speechocean762,test,2089,091010100.wav,speechocean_9101,f,15,HE ASKED ME IF I WOULD WAIT FOR HIS RETURN,asked,s,S,0.8,unclear
speechocean762,train,37,000050122.wav,speechocean_0005,m,6,SO TINA WENT ON TO WASHROOM,so,s,S,2.0,clear
speechocean762,test,896,014040145.wav,speechocean_1404,m,7,SANDY LIKES THE ENGLISH CLASS AT SCHOOL,class,s,S,2.0,clear
speechocean762,train,1145,022440134.wav,speechocean_2244,f,20,THEY HAVE HAD THEIR CHANCE FOR MONTHS,months,th,TH,2.0,clear
speechocean762,test,2225,096080009.wav,speechocean_9608,f,30,BUT STILL I WOULD DO MY BEST.,best,s,S,0.0,unclear
speechocean762,test,834,012920259.wav,speechocean_1292,m,37,ALSO THANKS TO ALL SPONSORS,sponsors,s,S,0.4,unclear
speechocean762,test,506,009810155.wav,speechocean_0981,m,25,AND ALL YOU CAN DO IS ENOUGH,is,z,Z,2.0,clear
speechocean762,train,1283,024500095.wav,speechocean_2450,f,19,WE ALL KNOW THIS IS A TOUGH RACE TRACK,is,z,Z,2.0,clear
speechocean762,test,528,010300159.wav,speechocean_1030,m,27,WHO'S RESPONSIBLE FOR THE FAILURE OF THIS TASK,who's,z,Z,1.8,clear
speechocean762,train,1942,075510017.wav,speechocean_7551,f,13,YOU SAY YOU ARE A BUSINESS MAN,business,z,Z,1.8,clear
speechocean762,test,1987,080680069.wav,speechocean_8068,f,14,THAT WOULD BE SAME THING SEEMING TO KNOW TOO MUCH,thing,th,TH,2.0,clear
speechocean762,test,2196,095580133.wav,speechocean_9558,m,15,I THINK THAT SHE HAD NO CAUSE TO LEAVE ME,think,th,TH,1.8,clear
speechocean762,test,338,001570361.wav,speechocean_0157,f,21,PRESENTLY HOWEVER IT WAS BROKEN,was,z,Z,1.8,clear
speechocean762,test,2218,096010022.wav,speechocean_9601,m,25,IT IS NOT THE FACE HE KNOWS THOUGH.,knows,z,Z,0.0,unclear
speechocean762,test,1451,028920213.wav,speechocean_2892,m,24,THEY MADE IT EASY TO FIND EVERYTHING,everything,th,TH,1.8,clear
speechocean762,train,292,001350285.wav,speechocean_0135,f,20,ALWAYS WAITING FOR THE NEXT SEASON,always,z,Z,2.0,clear
speechocean762,test,987,014690055.wav,speechocean_1469,m,6,LYNDA IS NOT VERY GOOD AT TENNIS,is,z,Z,1.8,clear
speechocean762,test,1088,020070086.wav,speechocean_2007,m,8,STEVEN CAN SEE THE BATHROOM,bathroom,th,TH,2.0,clear
speechocean762,test,1439,027400372.wav,speechocean_2740,m,20,SPRING AND THE BIRDS ARE COURTING,spring,s,S,2.0,clear
speechocean762,test,2031,085810112.wav,speechocean_8581,f,15,THERE IS SO LITTLE REAL FRIENDSHIP IN THE WORLD,there,r,R,2.0,clear
speechocean762,train,1542,032080043.wav,speechocean_3208,f,9,HERE I MAY DO SOMETHING,something,th,TH,1.8,clear
speechocean762,test,578,010390341.wav,speechocean_1039,m,38,THEY HAVE ARRESTED YOU ON A CHARGE OF MURDER,arrested,s,S,2.0,clear
speechocean762,test,1745,050290062.wav,speechocean_5029,m,11,OUR POOR LITTLE SISTER IS LOST,is,z,Z,2.0,clear
speechocean762,test,1032,015020097.wav,speechocean_1502,m,7,LYNDA CAN SEE THE JEEP,see,s,S,2.0,clear
speechocean762,train,1115,022360310.wav,speechocean_2236,m,22,HER MOTHER WHO HAD MADE HER WAS NO HUMAN,was,z,Z,1.8,clear
speechocean762,test,2144,095530028.wav,speechocean_9553,f,15,BUT MIGHT NOT HE GET ANOTHER LESSON FROM THEM,from,r,R,2.0,clear
speechocean762,test,580,010460017.wav,speechocean_1046,m,7,SAND RAN AWAY FROM THE DEER,from,r,R,2.0,clear
speechocean762,test,537,010300316.wav,speechocean_1030,m,27,HERE IS MY PHONE NUMBER IF YOU EVER NEED ANYTHING,anything,th,TH,2.0,clear
speechocean762,train,988,020890215.wav,speechocean_2089,f,20,UNTIL YOU SIT AND LISTEN TO IT,sit,s,S,2.0,clear
speechocean762,test,2031,085810112.wav,speechocean_8581,f,15,THERE IS SO LITTLE REAL FRIENDSHIP IN THE WORLD,is,z,Z,2.0,clear
speechocean762,train,568,010440077.wav,speechocean_1044,f,7,LET'S DRAW JACK'S ARM,jack's,s,S,2.0,clear
speechocean762,test,2395,096290018.wav,speechocean_9629,f,25,THIS WAS THE WAY IT SHOULD ALWAYS BE.,was,z,Z,1.8,clear
speechocean762,test,1254,022520337.wav,speechocean_2252,m,20,IN ABOUT THE THIRD ROW,third,th,TH,2.0,clear
speechocean762,test,2460,096400001.wav,speechocean_9640,f,29,WAS IT POSSIBLE TO INTERPRET THEM TO ANY USEFUL PURPOSE?,interpret,r,R,0.0,unclear
speechocean762,train,1795,055510130.wav,speechocean_5551,m,11,WAS IT NOT BY HIS DONE WILL,was,z,Z,2.0,clear
speechocean762,test,2050,085840089.wav,speechocean_8584,f,15,THE REPORT MAY BE THIS TIME TRAIN,report,r,R,2.0,clear
speechocean762,test,1270,023270237.wav,speechocean_2327,f,22,IF YOU ARE BLAMING YOU ARE NOT BEING GRATEFUL,are,r,R,2.0,clear
speechocean762,train,236,001030136.wav,speechocean_0103,m,6,HE WANTS TO BE A FARMER,wants,s,S,0.4,unclear
speechocean762,test,1840,054280012.wav,speechocean_5428,f,11,NOTHING I SHOULD LIKE SO MUCH,nothing,th,TH,1.8,clear
speechocean762,test,968,014650047.wav,speechocean_1465,m,8,SEVEN FOUR ZERO TWO,seven,s,S,2.0,clear
speechocean762,test,2031,085810112.wav,speechocean_8581,f,15,THERE IS SO LITTLE REAL FRIENDSHIP IN THE WORLD,so,s,S,2.0,clear
speechocean762,train,2093,096000015.wav,speechocean_9600,f,28,HE PUT HIS OTHER HAND ON THE WALL AS WELL.,his,z,Z,0.0,unclear
speechocean762,train,2117,096040023.wav,speechocean_9604,f,21,"I AM RICH, AND SO WAS MY FATHER BEFORE ME.",rich,r,R,0.8,unclear
speechocean762,train,1468,030490076.wav,speechocean_3049,m,9,THE STORY WAS NOT NEW,was,z,Z,1.8,clear
speechocean762,train,1181,022820021.wav,speechocean_2282,f,21,SOME WORKERS WERE BACK ON THE JOB,workers,z,Z,2.0,clear
speechocean762,test,2229,096080014.wav,speechocean_9608,f,30,IT WAS SOMETHING MORE THAN THAT.,something,th,TH,0.0,unclear
speechocean762,test,1312,024380276.wav,speechocean_2438,f,21,SO GIVE ME SOMETHING TO BELIEVE,something,s,S,2.0,clear
speechocean762,train,362,005750089.wav,speechocean_0575,f,19,THE MOVE IS A PART OF PLAN TO INCREASE PROFITS,increase,r,R,2.0,clear
speechocean762,train,1176,022510300.wav,speechocean_2251,f,21,I THINK IT IS TIME,think,th,TH,2.0,clear
speechocean762,train,2086,096000008.wav,speechocean_9600,f,28,HE WAS THERE WHEN HIS BEST FRIEND ASKED HER OUT.,there,r,R,2.0,clear
speechocean762,test,1552,030120141.wav,speechocean_3012,m,9,SHE WORKS HARD FOR US,works,s,S,2.0,clear
speechocean762,test,961,014650023.wav,speechocean_1465,m,8,CATHY IS A FRIEND FROM FREEZE,freeze,r,R,2.0,clear
speechocean762,train,322,004820041.wav,speechocean_0482,m,28,BUT AGAIN HE HAS MADE A VERY CLEAR STATEMENT,very,r,R,2.0,clear
speechocean762,train,507,010290189.wav,speechocean_1029,m,31,YOU THINK THAT THIS IS OKAY,think,th,TH,2.0,clear
speechocean762,test,767,011810197.wav,speechocean_1181,m,23,SPEAK UP FOR THOSE WHO CANNOT SPEAK FOR THEMSELVES,speak,s,S,2.0,clear
speechocean762,train,866,014470039.wav,speechocean_1447,m,7,ONE NINE THREE FOUR,three,th,TH,1.8,clear
speechocean762,train,879,014470150.wav,speechocean_1447,m,7,IS IT SO FATHER,is,z,Z,0.4,unclear
speechocean762,train,2422,096430004.wav,speechocean_9643,f,25,"NO SUCH LUCK GRACED HER, HOWEVER.",graced,s,S,0.0,unclear
speechocean762,test,1212,021120232.wav,speechocean_2112,f,20,ALWAYS PUT EVERYTHING ON THE LINE,everything,th,TH,2.0,clear
speechocean762,train,1744,054180029.wav,speechocean_5418,f,11,NOTHING FOR NOTHING YOUNG MAN,nothing,th,TH,1.8,clear
speechocean762,train,2486,096490007.wav,speechocean_9649,m,20,THEY CLEARLY HAVE EVERYTHING THOUGHT THROUGH.,everything,th,TH,1.8,clear
speechocean762,test,753,011560269.wav,speechocean_1156,m,33,I NEED TO DO SOMETHING WITH MY LIFE,with,th,TH,2.0,clear
speechocean762,train,2250,096150017.wav,speechocean_9615,f,21,I HAD VERY LITTLE OF MY OWN.,very,r,R,0.8,unclear
speechocean762,test,351,003060235.wav,speechocean_0306,f,21,GETTING READY TO GO BOXING,ready,r,R,0.8,unclear
speechocean762,test,1820,054060017.wav,speechocean_5406,f,11,THINK OF YOUR BROTHER,think,th,TH,1.8,clear
speechocean762,train,1503,030830021.wav,speechocean_3083,f,10,AND HOW ARE THINGS GOING ON HAIR NOW,things,z,Z,2.0,clear
speechocean762,train,991,020890260.wav,speechocean_2089,f,20,WINDOWS OPEN TRANSFORMERS IN BED,transformers,r,R,2.0,clear
speechocean762,train,298,001350356.wav,speechocean_0135,f,20,BETTER TO BE VAGUE HE THOUGHT,thought,th,TH,1.8,clear
speechocean762,train,2191,096110014.wav,speechocean_9611,f,30,I HAD TO TURN MYSELF AROUND AND GO BACK.,around,r,R,2.0,clear
speechocean762,train,1363,030020047.wav,speechocean_3002,m,9,HAVE YOU SOMETHING TO SAY,something,th,TH,1.8,clear
speechocean762,test,2013,081530109.wav,speechocean_8153,f,14,IT WAS QUITE A DIFFERENT LINE OF THOUGHT,thought,th,TH,1.8,clear
speechocean762,test,887,014040088.wav,speechocean_1404,m,7,HERE IS PETER'S SOCKS,is,z,Z,0.0,unclear
speechocean762,train,422,008130091.wav,speechocean_0813,f,20,THREE OF THE VICTIMS WERE LISTED IN SERIOUS CONDITION,serious,s,S,2.0,clear
speechocean762,test,2054,085840117.wav,speechocean_8584,f,15,HOW BIG IS YOUR HOUSE,is,z,Z,2.0,clear
speechocean762,test,1193,020310273.wav,speechocean_2031,f,21,WELL THEN A LOT OF PEOPLE ARE CLEARLY WRONG,wrong,r,R,2.0,clear
speechocean762,train,2317,096240019.wav,speechocean_9624,m,29,IT WAS THE LAST THING HE COULD GIVE HER.,thing,th,TH,0.0,unclear
speechocean762,test,1279,023270364.wav,speechocean_2327,f,22,I WANT TO DO SOMETHING GOOD WITH IT,something,th,TH,1.8,clear
speechocean762,train,752,013720201.wav,speechocean_1372,f,21,ANYTHING TO HAVE YOU HERE AGAIN,anything,th,TH,1.8,clear
speechocean762,train,527,010330129.wav,speechocean_1033,m,30,BECAUSE I KNOW I NEED MORE THAN WHAT I HAVE,because,z,Z,1.8,clear
speechocean762,test,300,001490002.wav,speechocean_0149,f,7,PITY LIKES A BLUE BALLON,likes,s,S,2.0,clear
speechocean762,train,2417,096390018.wav,speechocean_9639,m,22,SHE TURNED AROUND AND WALKED TO THE DOOR.,around,r,R,0.4,unclear
speechocean762,train,965,020610134.wav,speechocean_2061,f,20,MAYBE I WILL BE SAFE,safe,s,S,2.0,clear
speechocean762,test,2491,096470015.wav,speechocean_9647,f,20,THE FIRST MAY BE THUS EXPLAINED.,explained,s,S,0.0,unclear
speechocean762,test,2476,096400024.wav,speechocean_9640,f,29,BUT THIS WANTS FARTHER EXPLANATION.,explanation,s,S,0.0,unclear
speechocean762,test,610,010500100.wav,speechocean_1050,m,8,GOT A BIG TAXI,taxi,s,S,2.0,clear
speechocean762,train,348,005600180.wav,speechocean_0560,m,23,MORE OF US ARE COMING,us,s,S,2.0,clear
speechocean762,test,1787,050720063.wav,speechocean_5072,m,10,THE POOR MAN MUST BE IN A SAD WAY,sad,s,S,2.0,clear
speechocean762,train,1199,022820357.wav,speechocean_2282,f,21,HERE'S THE GREAT MAN HIMSELF,great,r,R,2.0,clear
speechocean762,train,1731,054140106.wav,speechocean_5414,f,11,I MUST HAVE IT,must,s,S,2.0,clear
speechocean762,train,2443,096450004.wav,speechocean_9645,f,20,HE NEVER SHUT HIS EYES.,his,z,Z,0.0,unclear
speechocean762,test,1384,024880118.wav,speechocean_2488,f,21,LET'S MAKE SURE THIS IS ONLY THE BEGINNING,is,z,Z,2.0,clear
speechocean762,train,1665,052180042.wav,speechocean_5218,f,12,WE SHALL HAVE THE BEST OF EVERYTHING,everything,th,TH,1.8,clear
speechocean762,test,1237,021160303.wav,speechocean_2116,f,20,SO THERE IS GOING TO BE A SNOW STORM TONIGHT,is,z,Z,1.8,clear
speechocean762,train,2452,096450014.wav,speechocean_9645,f,20,NOT THAT THERE'S ANYTHING WRONG WITH YOUR THING.,anything,th,TH,0.4,unclear
speechocean762,train,218,000750140.wav,speechocean_0075,m,6,MARY IS NOT SINGER,is,z,Z,2.0,clear
speechocean762,train,1322,027990056.wav,speechocean_2799,f,20,ON SUNDAY NONE OF THAT COUNTED FOR ANYTHING,sunday,s,S,2.0,clear
speechocean762,test,1984,080680056.wav,speechocean_8068,f,14,NOT FOR ANYTHING IN THE WORLD,anything,th,TH,1.8,clear
speechocean762,train,1931,070010012.wav,speechocean_7001,m,26,SOMEBODY LET ME KNOW WHEN IT'S OVER,it's,s,S,0.8,unclear
speechocean762,test,0,000030012.wav,speechocean_0003,m,6,MARK IS GOING TO SEE ELEPHANT,mark,r,R,1.8,clear
speechocean762,test,950,014220070.wav,speechocean_1422,m,7,JIM SMELLS FRESH BEEF,smells,z,Z,0.0,unclear
speechocean762,train,1079,021790173.wav,speechocean_2179,f,9,YOU HAVE NO IDEAS HAVE YOU,ideas,s,S,2.0,clear
speechocean762,test,2067,090880095.wav,speechocean_9088,f,15,AMERICA'S GOING THROUGH JUST ABOUT THE SAME EXPERIENCE AS MYSELF,through,th,TH,2.0,clear
speechocean762,test,2190,095580097.wav,speechocean_9558,m,15,I THOUGHT YOU WERE SURE THAT HE WAS GUILTY,thought,th,TH,2.0,clear
speechocean762,train,948,020590144.wav,speechocean_2059,f,21,CAN YOU PUT A STOP TO THIS MADNESS,madness,s,S,2.0,clear
speechocean762,train,353,005600268.wav,speechocean_0560,m,23,I WANT A COUPLE OF WEEKS OFF,weeks,s,S,2.0,clear
speechocean762,test,951,014220081.wav,speechocean_1422,m,7,LET'S DRAW LUCY'S NOSE,lucy's,s,S,0.0,unclear
speechocean762,test,2493,096470017.wav,speechocean_9647,f,20,AN AREA FILLED WITH OTHER FAMILY MEMBERS.,members,z,Z,0.0,unclear
speechocean762,test,758,011560354.wav,speechocean_1156,m,33,I WAS WITH SAME A GOOD DEAL AFTERWARDS,with,th,TH,2.0,clear
speechocean762,train,2264,096160005.wav,speechocean_9616,f,28,THE FIRST ONE WAS HIS EYES.,eyes,z,Z,0.4,unclear
speechocean762,test,1203,021120075.wav,speechocean_2112,f,20,THIS IS JUST THE WAY I FEEL MOST COMFORTABLE WORKING,just,s,S,2.0,clear
speechocean762,test,383,004610129.wav,speechocean_0461,m,23,WORRY IS PART OF LIFE,is,z,Z,2.0,clear
speechocean762,test,2237,096080025.wav,speechocean_9608,f,30,"HE WATCHES ME, DAY IN AND DAY OUT.",watches,z,Z,0.2,unclear
speechocean762,train,792,014180139.wav,speechocean_1418,m,7,TIM WHAT'S TO BE A GOOD A STUDENT,what's,s,S,2.0,clear
speechocean762,train,1328,027990162.wav,speechocean_2799,f,20,TIME TO THINK ABOUT SOMETHING ELSE FOR A WHILE,think,th,TH,2.0,clear
speechocean762,test,1843,054280023.wav,speechocean_5428,f,11,I MUST FIND YOU SOMETHING ELSE,something,s,S,2.0,clear
speechocean762,test,1922,060990023.wav,speechocean_6099,m,12,SHE SAID SHE WOULD SEE HER,said,s,S,2.0,clear
speechocean762,train,721,013620030.wav,speechocean_1362,f,21,HE'S A TRUE TIME PLAYER ON THE OFF AN FLIGHT,player,r,R,0.8,unclear
speechocean762,train,2035,090340131.wav,speechocean_9034,f,15,IT WAS MY SECRET AND HERS,secret,r,R,2.0,clear
speechocean762,train,1815,060100132.wav,speechocean_6010,f,12,MY DAUGHTER YOU MUST RETURN TO YOUR PLACE,return,r,R,2.0,clear
speechocean762,test,433,005670289.wav,speechocean_0567,f,21,HE'S REASON FOR THE SEASON,he's,z,Z,1.8,clear
speechocean762,test,2256,096100017.wav,speechocean_9610,f,22,THERE WAS NOTHING LEFT FOR ME.,there,r,R,0.8,unclear
speechocean762,test,2028,085810078.wav,speechocean_8581,f,15,IF THE THING WAS TRUE IT WAS TERRIBLE,true,r,R,2.0,clear
speechocean762,train,761,014070080.wav,speechocean_1407,m,24,THE PEOPLE WERE VERY FRIENDLY,very,r,R,2.0,clear
speechocean762,test,2495,096470019.wav,speechocean_9647,f,20,MY FATHER'S VOICE SOUNDED TENSE.,father's,s,S,0.8,unclear
speechocean762,test,844,012930037.wav,speechocean_1293,m,32,THE RESULT WAS NOT A PRETTY SIGHT,was,z,Z,2.0,clear
speechocean762,train,2411,096390012.wav,speechocean_9639,m,22,I THINK I WANTED TO SEE HIM AGAIN.,think,th,TH,0.6,unclear
speechocean762,test,153,000960073.wav,speechocean_0096,m,6,SANDY GIVES UP BOXING,gives,z,Z,2.0,clear
speechocean762,test,2323,096220004.wav,speechocean_9622,f,20,THERE WAS NO ONE ELSE SHE WANTED BY HER SIDE.,was,z,Z,0.4,unclear
speechocean762,test,460,007650036.wav,speechocean_0765,m,20,HOWEVER MARKET CONDITIONS HAVE LEFT US WITH NO OTHER CHOICE,choice,s,S,2.0,clear
speechocean762,train,1174,022510276.wav,speechocean_2251,f,21,REMEMBER THAT WE ARE ALL EQUAL,remember,r,R,2.0,clear
speechocean762,train,956,020590290.wav,speechocean_2059,f,21,THANK YOU FOR THE POINTS,thank,th,TH,2.0,clear
speechocean762,test,1127,020160171.wav,speechocean_2016,m,19,WONDER IF ANYONE WAS ON THE COURSE,course,s,S,2.0,clear
speechocean762,train,1317,026210287.wav,speechocean_2621,m,19,IT USED TO BE CALLED A HAPPY ENDING,used,z,Z,2.0,clear
speechocean762,train,105,000480023.wav,speechocean_0048,m,6,BRO IS FROM JUMP,from,r,R,2.0,clear
speechocean762,train,866,014470039.wav,speechocean_1447,m,7,ONE NINE THREE FOUR,four,r,R,2.0,clear
speechocean762,train,1280,024500006.wav,speechocean_2450,f,19,THREE AND FOUR ARE THE BEST,three,th,TH,1.8,clear
speechocean762,test,1231,021160198.wav,speechocean_2116,f,20,WE NEED MORE AND MORE AND MORE,more,r,R,2.0,clear
speechocean762,train,1777,054240126.wav,speechocean_5424,f,11,BUT THERE WERE OTHERS ALSO PRESENT,present,z,Z,2.0,clear
speechocean762,test,1044,015030015.wav,speechocean_1503,m,7,SO SANDY WENT TO FIND THE SUPER,super,s,S,2.0,clear
speechocean762,test,1117,020140121.wav,speechocean_2014,f,9,HE'S COME TO USE THE BIRDBATH,use,z,Z,1.8,clear
speechocean762,train,2156,096070021.wav,speechocean_9607,f,21,HE STILL HAD TO MAKE IT THROUGH THE NIGHT.,through,th,TH,0.0,unclear
speechocean762,train,2319,096240021.wav,speechocean_9624,m,29,SHE HAD MORE THAN ONCE TO REMIND HIM OF THIS.,once,s,S,0.0,unclear
speechocean762,train,1578,034230164.wav,speechocean_3423,f,9,THERE WAS NO PLAY FOR HIM NOW,was,z,Z,2.0,clear
speechocean762,train,1116,022360311.wav,speechocean_2236,m,22,COME TO THE HOUSE AND STAY,house,s,S,2.0,clear
speechocean762,test,555,010370265.wav,speechocean_1037,m,35,I MIGHT BE AWAY FOR A WEEK OR MORE,more,r,R,2.0,clear
speechocean762,test,1787,050720063.wav,speechocean_5072,m,10,THE POOR MAN MUST BE IN A SAD WAY,must,s,S,2.0,clear
speechocean762,train,2425,096430007.wav,speechocean_9643,f,25,"""IT'S NO PROBLEM,"" SHE WAVED OFF.",problem,r,R,0.0,unclear
speechocean762,test,2124,091180044.wav,speechocean_9118,f,15,WHERE YOU NOT ABLE TO BUY ANYTHING FROM THEM,anything,th,TH,1.8,clear
speechocean762,train,1837,060480148.wav,speechocean_6048,m,12,DECIDE IT WHO CAN I CANNOT,decide,s,S,2.0,clear
speechocean762,train,2038,090340164.wav,speechocean_9034,f,15,HAVE YOU HAD SIGHT OF ANYTHING,sight,s,S,2.0,clear
speechocean762,train,1782,055510046.wav,speechocean_5551,m,11,SHE IS BETTER OFF THAN I CAN MAKE HER,is,z,Z,2.0,clear
speechocean762,train,1395,030200108.wav,speechocean_3020,m,9,BUT HERE HE COMES AGAIN,comes,z,Z,1.8,clear
speechocean762,train,1258,024270313.wav,speechocean_2427,f,22,BUT THEY MUST DO IT,must,s,S,2.0,clear
speechocean762,train,1358,029810350.wav,speechocean_2981,f,21,LOOK BOY VIOLENCE IS THE RESORT OF THE VIOLENT,resort,z,Z,0.4,unclear
speechocean762,test,404,005630122.wav,speechocean_0563,f,22,YOUR THE REASON I MAKE IT THROUGH THE DAY,through,th,TH,2.0,clear
speechocean762,train,1962,080020003.wav,speechocean_8002,m,23,NATIONALLY THOUGH THE TREND IS BEGINNING TO TURN UPWARD AGAIN,trend,r,R,0.0,unclear
speechocean762,test,2311,096180014.wav,speechocean_9618,f,24,I ALWAYS THOUGHT HE WAS A GOOD PERSON.,person,s,S,0.4,unclear
speechocean762,test,2352,096230014.wav,speechocean_9623,m,21,THERE WAS NOTHING IN IT FROM SIDE TO SIDE.,nothing,th,TH,1.8,clear
speechocean762,test,996,014690136.wav,speechocean_1469,m,6,JAYME THIS IS GARLIC,this,s,S,2.0,clear
speechocean762,test,2327,096220008.wav,speechocean_9622,f,20,THIS WAS NO TIME TO THINK ABOUT THE REAL WORLD.,was,z,Z,0.6,unclear
speechocean762,train,379,005750347.wav,speechocean_0575,f,19,IT WOULD BE IMPOSSIBLE IN THIS LITTLE FLAT,impossible,s,S,2.0,clear
speechocean762,test,664,010760038.wav,speechocean_1076,m,7,NINE NINE EIGHT THREE,three,r,R,2.0,clear
speechocean762,test,353,003060259.wav,speechocean_0306,f,21,END OF THE ROAD FOR SOME PLAYERS,road,r,R,0.2,unclear
speechocean762,train,2394,096340018.wav,speechocean_9634,m,32,THERE WAS SO MUCH MORE TO IT THAN THAT.,was,z,Z,0.2,unclear
speechocean762,test,2071,090880130.wav,speechocean_9088,f,15,DO YOU REALLY AND TRULY SAY SO,so,s,S,0.4,unclear
speechocean762,test,449,007360212.wav,speechocean_0736,f,21,BUT THEY IT'S THE SING PRINCIPLE,it's,s,S,2.0,clear
speechocean762,test,2475,096400022.wav,speechocean_9640,f,29,ALL HEADS TURNED THEIR WAY.,heads,z,Z,0.0,unclear
speechocean762,test,457,007360299.wav,speechocean_0736,f,21,THOSE ARE NOT PART OF THE RULES,rules,r,R,2.0,clear
speechocean762,test,465,007650089.wav,speechocean_0765,m,20,BUT HE IS EXPECTED TO BE FULL STRENGTH HIS WEEK,strength,s,S,2.0,clear
speechocean762,test,728,011350190.wav,speechocean_1135,m,25,WHAT DO YOU THINK OF BUD LIGHT'S NEW DESIGN,design,z,Z,2.0,clear
speechocean762,train,2457,096450019.wav,speechocean_9645,f,20,A SILLY BUSINESS ON ALL SIDES.,sides,z,Z,0.8,unclear
speechocean762,test,2029,085810084.wav,speechocean_8581,f,15,THIS HAD BETTER BE THE END OF IT,this,s,S,2.0,clear
speechocean762,test,47,000440062.wav,speechocean_0044,m,6,GLOVES PLAN GROUND,ground,r,R,0.8,unclear
speechocean762,test,2079,090880163.wav,speechocean_9088,f,15,I'LL DO NOTHING UNTIL I HAVE READ THE ANSWER,nothing,th,TH,2.0,clear
speechocean762,train,2096,096000018.wav,speechocean_9600,f,28,SHE OPENED THE DOOR AND LOOKED AROUND THE BATHROOM.,bathroom,th,TH,2.0,clear
speechocean762,test,321,001570030.wav,speechocean_0157,f,21,THEREFORE THE PICTURE WAS RATED ACCEPTABLE BY THE SOCIETY,therefore,r,R,2.0,clear
speechocean762,train,1043,021700077.wav,speechocean_2170,f,22,FOR HER IT'S PRAISE,praise,r,R,2.0,clear
speechocean762,train,1764,054240048.wav,speechocean_5424,f,11,AND I DON'T ALWAYS TRY,try,r,R,2.0,clear
speechocean762,train,2115,096040019.wav,speechocean_9604,f,21,THEY WALKED SLOWLY TO THE VERY END OF IT.,slowly,s,S,0.8,unclear
speechocean762,train,321,004820015.wav,speechocean_0482,m,28,WE HAVE OTHERS WHO CAN DO THE SAME THING,thing,th,TH,2.0,clear
speechocean762,test,1540,030120001.wav,speechocean_3012,m,9,THERE WELL MANY THINGS NEW TO ME,things,th,TH,1.8,clear
speechocean762,test,1182,020310075.wav,speechocean_2031,f,21,HERE IS A SUMMARY OF ITS MAJOR PROVISIONS,is,z,Z,2.0,clear
speechocean762,test,2126,091180056.wav,speechocean_9118,f,15,SOMETHING TERRIBLE WAS IN PREPARATION,something,th,TH,1.8,clear
speechocean762,test,2063,090880065.wav,speechocean_9088,f,15,OF COURSE THERE ARE TWO SIDES TO THE QUESTION,sides,s,S,2.0,clear
speechocean762,test,1121,020160068.wav,speechocean_2016,m,19,SHE SHOULD BE MORE CONCERNED ABOUT ORGANIZED WORKERS,workers,z,Z,2.0,clear
speechocean762,train,2213,096130014.wav,speechocean_9613,f,33,"HE WAS, HE ADMITTED, NEVER VERY GOOD WITH HIS HANDS.",hands,z,Z,0.4,unclear
speechocean762,train,1200,023800015.wav,speechocean_2380,f,21,I AM SO SORRY TO ALL OF YOU,sorry,s,S,2.0,clear
speechocean762,train,1356,029810315.wav,speechocean_2981,f,21,THAT A HAT WAS NOT NECESSARY,necessary,s,S,1.8,clear
speechocean762,test,550,010370232.wav,speechocean_1037,m,35,OH NOTHING IN THIS WORLD LASTS,nothing,th,TH,2.0,clear
speechocean762,test,41,000440021.wav,speechocean_0044,m,6,MANDY LOVES LIVES IN AUSTRALIAN,australian,r,R,1.8,clear
speechocean762,train,1564,034230051.wav,speechocean_3423,f,9,HE WAS HAPPY THIS MORNING LIKE A BOY,this,s,S,2.0,clear
speechocean762,train,2249,096150016.wav,speechocean_9615,f,21,HE THEN LOOKED DOWN AT HIS HANDS.,his,z,Z,2.0,clear
speechocean762,train,1053,021700240.wav,speechocean_2170,f,22,VERY IMPORTANT VICTORY WE ARE ON THE RIGHT WAY,are,r,R,2.0,clear
speechocean762,train,429,008130271.wav,speechocean_0813,f,20,WE WILL HAVE TO AGREE TO DISAGREE,agree,r,R,2.0,clear
speechocean762,test,2460,096400001.wav,speechocean_9640,f,29,WAS IT POSSIBLE TO INTERPRET THEM TO ANY USEFUL PURPOSE?,was,z,Z,0.4,unclear
speechocean762,test,182,001120024.wav,speechocean_0112,f,6,LISA LOVES AUSTRALIAN,lisa,s,S,0.6,unclear
speechocean762,test,763,011810162.wav,speechocean_1181,m,23,PLAYERS GET A PART ON THE BACK RIGHT,right,r,R,0.8,unclear
speechocean762,test,1772,050390087.wav,speechocean_5039,f,12,SAY MAY I WALK A LETTER WAY WITH YOU,with,th,TH,1.8,clear
speechocean762,train,2103,096040005.wav,speechocean_9604,f,21,THEY WOULD NEVER ACCEPT ME AS A GIRL.,accept,s,S,0.4,unclear
speechocean762,test,2138,091180161.wav,speechocean_9118,f,15,NOTHING REMAINS FOR US BUT WAIT AND HOPE,us,s,S,2.0,clear
speechocean762,train,2309,096240010.wav,speechocean_9624,m,29,THE END OF HER TIME WITH HER FRIENDS.,friends,z,Z,1.8,clear
speechocean762,test,629,010610080.wav,speechocean_1061,f,7,BY TIM'S TOOTH,tim's,s,S,2.0,clear
speechocean762,train,1301,026210047.wav,speechocean_2621,m,19,YOU TRY NOT TO THINK ABOUT THOSE KIND OF THINGS,think,th,TH,2.0,clear
speechocean762,test,1821,054060036.wav,speechocean_5406,f,11,ALL OF US WANT TO FORGET SOMETHING OR SOMEBODY,something,th,TH,1.8,clear
speechocean762,train,2298,096190020.wav,speechocean_9619,m,24,AND THE WORLD IS OVER.,is,z,Z,2.0,clear
speechocean762,test,12,000030097.wav,speechocean_0003,m,6,HERE IS TIME'S CLOTH,cloth,th,TH,2.0,clear
speechocean762,train,852,014390124.wav,speechocean_1439,m,6,JAYME THIS IS MUSHROOM,mushroom,r,R,0.8,unclear
speechocean762,test,1645,032140054.wav,speechocean_3214,m,9,I HAVE ARE RIGHT,right,r,R,2.0,clear
speechocean762,test,496,008110287.wav,speechocean_0811,f,20,SORRY NOT A FAN OF THAT DECISION,sorry,r,R,2.0,clear
speechocean762,train,1673,052180112.wav,speechocean_5218,f,12,I THINK THE SHAKING HURT HIS FEELINGS VERY MUCH,think,th,TH,2.0,clear
speechocean762,test,1581,030270014.wav,speechocean_3027,f,8,THIS WAS WHEN I WAS IN MY SEVENTH YEAR,seventh,th,TH,2.0,clear
speechocean762,train,1102,022360147.wav,speechocean_2236,m,22,YOU ALL IN MY PRAYERS,prayers,z,Z,1.8,clear
speechocean762,test,940,014220001.wav,speechocean_1422,m,7,JIM WILL PAINT MY HOUSE GREEN,green,r,R,2.0,clear
speechocean762,train,2430,096430012.wav,speechocean_9643,f,25,IT HAD VERY NEARLY COME.,very,r,R,0.4,unclear
speechocean762,train,2215,096130017.wav,speechocean_9613,f,33,AND HERE YOU ARE AND YOU ARE SO PRETTY.,pretty,r,R,0.0,unclear
speechocean762,train,860,014470007.wav,speechocean_1447,m,7,IT IS A VERY BOSSY TURKEY,very,r,R,2.0,clear
speechocean762,train,164,000560033.wav,speechocean_0056,m,6,FIVE ONE SIX ONE,six,s,S,2.0,clear
speechocean762,train,2142,096070005.wav,speechocean_9607,f,21,"I COULD TELL THEY WERE PLOTTING SOMETHING, BUT WHAT?",something,th,TH,1.8,clear
speechocean762,test,1068,020020204.wav,speechocean_2002,f,28,AIM AS HIGH AS YOU CAN,as,z,Z,1.8,clear
speechocean762,test,890,014040096.wav,speechocean_1404,m,7,LOOK AT MIKE'S SUNGLASSES,sunglasses,s,S,0.0,unclear
speechocean762,test,973,014650087.wav,speechocean_1465,m,8,TIM GOLF THE NEW BOOTS,boots,s,S,2.0,clear
speechocean762,test,2184,095580045.wav,speechocean_9558,m,15,I SHALL NEVER GETS THE ANY INTEREST FOR MY MONEY,interest,r,R,2.0,clear
speechocean762,train,776,014070341.wav,speechocean_1407,m,24,OF ALL SUBJECTS OF DISCUSSION THIS IS THE MOST DIFFICULT,discussion,s,S,0.4,unclear
speechocean762,train,2162,096090005.wav,speechocean_9609,m,27,WHAT WILL THEY DO IF SOMETHING HAPPENS TO ME?,something,s,S,0.8,unclear
speechocean762,train,2449,096450011.wav,speechocean_9645,f,20,THE SOLDIER STARED INTO SPACE MIND RACING FURIOUSLY.,furiously,s,S,0.0,unclear
speechocean762,test,1870,054320076.wav,speechocean_5432,f,11,THERE IS NO HIGH LAND NEAR,is,z,Z,2.0,clear
speechocean762,test,1599,030270175.wav,speechocean_3027,f,8,THE DAY IS BOTH WINDY AND RAINY,both,th,TH,2.0,clear
speechocean762,test,462,007650076.wav,speechocean_0765,m,20,I CAN UNDERSTAND HIS DESIRE TO GET ANOTHER OPINION,understand,s,S,2.0,clear
speechocean762,test,577,010390303.wav,speechocean_1039,m,38,HERE'S THE FIRST NEW PIECES,here's,z,Z,2.0,clear
speechocean762,train,2476,096460018.wav,speechocean_9646,f,21,THIS PLACE IS BAD NEWS.,this,s,S,0.0,unclear
speechocean762,test,191,001120105.wav,speechocean_0112,f,6,LISA LIKES YOUR BLUE CLOTH,cloth,th,TH,2.0,clear
speechocean762,train,1249,024270168.wav,speechocean_2427,f,22,WHAT DO YOU THINK THOSE ARE,are,r,R,2.0,clear
speechocean762,train,2270,096160011.wav,speechocean_9616,f,28,IT'S A GOOD THING NO ONE WAS AROUND THE PLACE.,it's,s,S,0.6,unclear
speechocean762,test,684,010990082.wav,speechocean_1099,m,43,ONE PERSON WAS KILLED AND TWO OTHERS WOUNDED,was,z,Z,1.8,clear
speechocean762,test,2311,096180014.wav,speechocean_9618,f,24,I ALWAYS THOUGHT HE WAS A GOOD PERSON.,always,z,Z,0.0,unclear
speechocean762,train,322,004820041.wav,speechocean_0482,m,28,BUT AGAIN HE HAS MADE A VERY CLEAR STATEMENT,statement,s,S,2.0,clear
speechocean762,test,1323,024410098.wav,speechocean_2441,f,19,HE IS ALSO AMONG THOSE TRYING TO LEARN HOW,also,s,S,2.0,clear
speechocean762,test,1117,020140121.wav,speechocean_2014,f,9,HE'S COME TO USE THE BIRDBATH,birdbath,th,TH,2.0,clear
speechocean762,test,1369,024510215.wav,speechocean_2451,f,23,JUST CAUGHT A GLIMPSE OF MYSELF IN THE MIRROR,myself,s,S,2.0,clear
speechocean762,test,1226,021160120.wav,speechocean_2116,f,20,GOING TO COME BACK AND TRY TO CLEAN UP SOMETHING,something,th,TH,2.0,clear
speechocean762,test,2048,085840077.wav,speechocean_8584,f,15,LOOK NOW AT THE PATH BELOW US,path,th,TH,2.0,clear
speechocean762,test,1939,060990175.wav,speechocean_6099,m,12,THE MAN TOLD WILLING FOR HIS OTHERS,his,z,Z,1.8,clear
speechocean762,train,414,007390220.wav,speechocean_0739,m,20,NOTHING WILL KEEP ME AWAY FROM THIS MUSIC,nothing,th,TH,2.0,clear
speechocean762,test,2323,096220004.wav,speechocean_9622,f,20,THERE WAS NO ONE ELSE SHE WANTED BY HER SIDE.,there,r,R,0.8,unclear
speechocean762,train,2405,096390006.wav,speechocean_9639,m,22,BUT HE WAS STILL THERE.,there,r,R,0.4,unclear
speechocean762,train,971,020610201.wav,speechocean_2061,f,20,THANK YOU FOR THE ASSIST,thank,th,TH,2.0,clear
speechocean762,train,463,010120128.wav,speechocean_1012,m,29,HE'S A DOCTOR OF EVERYTHING,everything,th,TH,2.0,clear
speechocean762,train,887,020220091.wav,speechocean_2022,f,20,SEVERAL HAVE CALLED ME TO DISCUSS THIS,discuss,s,S,2.0,clear
speechocean762,train,2214,096130016.wav,speechocean_9613,f,33,"I HAVE A GUN TO YOUR HEAD, RIGHT NOW.",right,r,R,0.0,unclear
speechocean762,train,352,005600214.wav,speechocean_0560,m,23,FEELING IS STILL THE SAME,same,s,S,2.0,clear
speechocean762,test,401,005630044.wav,speechocean_0563,f,22,HOWEVER HE IS NOT LEGALLY RESPONSIBLE,is,z,Z,1.8,clear
speechocean762,train,778,014070349.wav,speechocean_1407,m,24,HE IS NOT USED TALKING THIS WAY WITH A WOMAN,is,z,Z,2.0,clear
speechocean762,test,1155,020270167.wav,speechocean_2027,m,8,HOW DOES IT BEGIN,does,z,Z,2.0,clear
speechocean762,test,2026,085810048.wav,speechocean_8581,f,15,I THINK THAT I AM NEAR THE END OF IT,think,th,TH,2.0,clear
speechocean762,train,580,010640005.wav,speechocean_1064,m,26,I HAD TO LOVE HERE SIX YEAR TO DO IT,six,s,S,2.0,clear
speechocean762,test,478,007650369.wav,speechocean_0765,m,20,I SHALL BE AT HAND FOR THE TRIAL,trial,r,R,2.0,clear
speechocean762,test,2160,095550027.wav,speechocean_9555,f,15,EVERYTHING IS AN EVENT AT SEA,everything,th,TH,1.8,clear
speechocean762,test,1326,024410158.wav,speechocean_2441,f,19,SOCIAL AND DOWN TO EARTH,social,s,S,2.0,clear
speechocean762,test,2134,091180133.wav,speechocean_9118,f,15,HERE IS AN INSTANCE OF THIS FEELING,is,z,Z,2.0,clear
speechocean762,train,2426,096430008.wav,speechocean_9643,f,25,LET US BEGIN ON THOSE DEBTS.,debts,s,S,0.8,unclear
speechocean762,test,1377,024510351.wav,speechocean_2451,f,23,THE PROFESSOR TURNED DOWN THE SHEETS,sheets,s,S,2.0,clear
speechocean762,train,2230,096140012.wav,speechocean_9614,f,28,I ASKED AS SHE CLOSED THE DOOR.,door,r,R,2.0,clear
speechocean762,train,231,001030090.wav,speechocean_0103,m,6,BY TOM'S SHOULDER,tom's,s,S,2.0,clear
speechocean762,train,2336,096250018.wav,speechocean_9625,f,25,HE LOOKED TO HIS SIDE AND SMILED.,his,z,Z,0.0,unclear
speechocean762,train,1766,054240079.wav,speechocean_5424,f,11,I CANNOT ASK YOU,ask,s,S,2.0,clear
speechocean762,test,1760,050390001.wav,speechocean_5039,f,12,HE HAD ALSO TO GET HIS MIND AWAY FROM HER,from,r,R,2.0,clear
speechocean762,test,1668,034120077.wav,speechocean_3412,m,9,I LOVE YOU IN EVERY DRESS,dress,r,R,1.8,clear
speechocean762,test,2194,095580116.wav,speechocean_9558,m,15,SEE THEM AND HEAR WHAT THEY CAN ADD,see,s,S,2.0,clear
speechocean762,train,304,001450063.wav,speechocean_0145,f,7,TINA LIKES PORK,likes,s,S,2.0,clear
speechocean762,train,381,005940025.wav,speechocean_0594,f,21,I HAVE NO CHANCE WHAT TO EXPRESS,chance,s,S,2.0,clear
speechocean762,test,941,014220003.wav,speechocean_1422,m,7,MARY IS GOING TO SEE DOG,see,s,S,2.0,clear
speechocean762,train,1463,030490040.wav,speechocean_3049,m,9,WHAT IS ONE REALLY TO CARE FOR,for,r,R,2.0,clear
speechocean762,test,2369,096260012.wav,speechocean_9626,m,37,HE STILL COULD NOT SEE ANYTHING.,anything,th,TH,1.8,clear
speechocean762,test,548,010370216.wav,speechocean_1037,m,35,FINAL DAY OF THE MASTERS,masters,z,Z,1.8,clear
speechocean762,test,2352,096230014.wav,speechocean_9623,m,21,THERE WAS NOTHING IN IT FROM SIDE TO SIDE.,side,s,S,0.6,unclear
speechocean762,train,1172,022510255.wav,speechocean_2251,f,21,I MAY STILL BE TIRED,still,s,S,2.0,clear
speechocean762,test,1687,036310063.wav,speechocean_3631,f,9,I AM GLAD TO SEE YOU,see,s,S,2.0,clear
speechocean762,test,1749,050290120.wav,speechocean_5029,m,11,ALL AFTERNOON NOTHING HAPPENED,nothing,th,TH,2.0,clear
speechocean762,train,943,020590077.wav,speechocean_2059,f,21,I WAS PROBABLY FEELING SORRY FOR MYSELF MORE THAN ANYTHING,anything,th,TH,2.0,clear
speechocean762,train,1719,054080174.wav,speechocean_5408,m,11,THE GREAT WORK IT SHALL BE CARRY ON,great,r,R,2.0,clear
speechocean762,test,2265,096120006.wav,speechocean_9612,f,20,BUT WHAT TRICK DO YOU HAVE FOR US NOW?,us,s,S,0.0,unclear
speechocean762,train,1080,022080028.wav,speechocean_2208,f,20,I THOUGHT IT WAS PRETTY SIMPLE,was,z,Z,1.8,clear
speechocean762,train,768,014070248.wav,speechocean_1407,m,24,LOVE AS MUCH AS WE DO,as,z,Z,2.0,clear
speechocean762,train,1287,024500147.wav,speechocean_2450,f,19,I COME FROM A FAMILY OF TEACHERS,from,r,R,2.0,clear
speechocean762,test,1476,028970273.wav,speechocean_2897,m,20,THIS IS AN OLD ARREST,is,z,Z,1.8,clear
speechocean762,test,2465,096400008.wav,speechocean_9640,f,29,"DEATH SHOULD BE VEILED, THE GRAVE SHOULD HAVE ITS RESERVE.",reserve,z,Z,0.2,unclear
speechocean762,train,2484,096490005.wav,speechocean_9649,m,20,"SHE WHISPERED, ANGRY AT HER LOSS OF CONTROL.",control,r,R,0.8,unclear
speechocean762,test,2361,096260003.wav,speechocean_9626,m,37,IT WAS JUST YOU LAST TIME.,just,s,S,0.0,unclear
speechocean762,train,628,011970087.wav,speechocean_1197,m,7,JAYME NEEDS NEW BOOTS,boots,s,S,0.8,unclear
speechocean762,test,1746,050290068.wav,speechocean_5029,m,11,WHO ELSE WAS THERE DO TO DO IT,else,s,S,2.0,clear
speechocean762,train,720,013620027.wav,speechocean_1362,f,21,IT IS A WORLD PROBLEM,is,z,Z,1.8,clear
speechocean762,test,1774,050390092.wav,speechocean_5039,f,12,YOU FLOOR AT THAT,floor,r,R,2.0,clear
speechocean762,train,2182,096110003.wav,speechocean_9611,f,30,BUT THE EYES WERE THE THING.,thing,th,TH,1.8,clear
speechocean762,test,1382,024880070.wav,speechocean_2488,f,21,HE WAS AT THE HEIGHT OF HIS POWER,his,z,Z,1.8,clear
speechocean762,train,194,000700120.wav,speechocean_0070,f,6,LISA CAN SEE THE CLASSROOM,classroom,r,R,2.0,clear
speechocean762,test,63,000490047.wav,speechocean_0049,f,7,THREE EIGHT NINE EIGHT,three,r,R,2.0,clear
speechocean762,test,431,005670198.wav,speechocean_0567,f,21,SO IT'S GOOD THING FOR HIM,thing,th,TH,2.0,clear
speechocean762,train,356,005600298.wav,speechocean_0560,m,23,SO WHY ARE YOU BREATH,breath,th,TH,1.8,clear
speechocean762,test,999,014690167.wav,speechocean_1469,m,6,I DO NOT SEE THAT I CAN HELP YOU,see,s,S,2.0,clear
speechocean762,test,1900,060670002.wav,speechocean_6067,f,12,I THINK YOU DID NOT LIKE HIS PARENTS,parents,r,R,2.0,clear
speechocean762,train,1551,032080093.wav,speechocean_3208,f,9,WE ARE BOTH TWELVE YEARS OLD,years,z,Z,1.8,clear
speechocean762,test,1363,024510070.wav,speechocean_2451,f,23,IT'S ALL PART AND PARCEL OF NEW MANAGEMENT STYLE,it's,s,S,2.0,clear
speechocean762,test,844,012930037.wav,speechocean_1293,m,32,THE RESULT WAS NOT A PRETTY SIGHT,sight,s,S,2.0,clear
speechocean762,train,1357,029810349.wav,speechocean_2981,f,21,IT WAS ALL FOR YOU THAT I THOUGHT,thought,th,TH,1.8,clear
speechocean762,test,893,014040111.wav,speechocean_1404,m,7,MIKE WAS WALKING TO SCIENCE MUSEUM,science,s,S,0.0,unclear
speechocean762,train,1351,029810235.wav,speechocean_2981,f,21,PRAYER IS A SOURCE OF STRENGTH AND SPIRIT,strength,th,TH,2.0,clear
speechocean762,test,1024,015020017.wav,speechocean_1502,m,7,DORA CAN PANT THE AUNT,dora,r,R,0.4,unclear
speechocean762,test,885,014040072.wav,speechocean_1404,m,7,LET'S DRAW JACK'S HAND,jack's,s,S,0.4,unclear
speechocean762,test,114,000930101.wav,speechocean_0093,f,6,LOOK AT MARY'S CAP,mary's,s,S,2.0,clear
speechocean762,test,692,010990218.wav,speechocean_1099,m,43,CHANGE IS PART OF GROWING,growing,r,R,2.0,clear
speechocean762,train,808,014190064.wav,speechocean_1419,m,7,HENNY SMELLS FRESH BREAD,fresh,r,R,0.8,unclear
speechocean762,train,2048,090700057.wav,speechocean_9070,f,15,HERE WE ARE THEN ALL SEATED ROUND THE TABLE,round,r,R,2.0,clear
speechocean762,train,340,005600015.wav,speechocean_0560,m,23,A LIGHT RAIN WAS FALLING AT THE TIME,rain,r,R,2.0,clear
speechocean762,train,1648,051950050.wav,speechocean_5195,f,10,COME COME THIS WON'T DO,this,s,S,2.0,clear
speechocean762,train,67,000260050.wav,speechocean_0026,f,6,ZERO EIGHT THREE ONE,three,r,R,2.0,clear
speechocean762,train,1148,022440165.wav,speechocean_2244,f,20,SEEING YOU LIKE THIS IS NOT PRETTY,this,s,S,2.0,clear
speechocean762,test,1901,060670003.wav,speechocean_6067,f,12,IT WAS SUCH AS A WONDERFUL DAY FOR ME,as,z,Z,2.0,clear
speechocean762,test,2284,096170006.wav,speechocean_9617,f,35,BUT NOW FOR THE FIRST TIME SOMETHING HAD MESSED UP.,first,s,S,2.0,clear
speechocean762,test,2096,091010139.wav,speechocean_9101,f,15,OTHER FURNITURE THERE WAS NONE,was,z,Z,2.0,clear
speechocean762,train,2256,096150025.wav,speechocean_9615,f,21,I WAS VERY NERVOUS FOR A LONG TIME AFTER THIS.,very,r,R,0.8,unclear
speechocean762,train,993,020890274.wav,speechocean_2089,f,20,I THOUGHT THIS WOULD BE SO EASY TO DRAW,so,s,S,2.0,clear
speechocean762,test,2490,096470014.wav,speechocean_9647,f,20,"EXTREMELY LONG TIME, NO WRITE.",extremely,r,R,0.0,unclear
speechocean762,test,151,000960066.wav,speechocean_0096,m,6,LEE LILLY GIVES UP BASEBALL,baseball,s,S,2.0,clear
speechocean762,train,2387,096340011.wav,speechocean_9634,m,32,"BUT HERE, NOW, HE REALLY WAS.",was,z,Z,0.4,unclear
speechocean762,test,2443,096350009.wav,speechocean_9635,f,24,AND SHE WAS THE ONLY PERSON LEFT.,person,s,S,0.0,unclear
speechocean762,test,1205,021120108.wav,speechocean_2112,f,20,AND WE BOTH HAVE PLAYERS WHO CAN RUN AND JUMP,both,th,TH,2.0,clear
speechocean762,train,494,010270349.wav,speechocean_1027,m,37,THE UNCLE MUST BE VERY RICH INDEED,very,r,R,2.0,clear
speechocean762,test,1462,028970022.wav,speechocean_2897,m,20,IT COULD BE DISMISSED BECAUSE THERE'S NOTHING THERE,nothing,th,TH,2.0,clear
speechocean762,train,979,020610343.wav,speechocean_2061,f,20,I REMEMBER THAT SOME BUT STILL NOTHING OF HER,nothing,th,TH,2.0,clear
speechocean762,train,1855,061210141.wav,speechocean_6121,f,11,THE PRETTY NURSE LOOKED QUITE SORRY,nurse,s,S,2.0,clear
speechocean762,test,72,000490117.wav,speechocean_0049,f,7,ANN WAS TALKING TO SCHOOL,was,z,Z,1.8,clear
speechocean762,test,1294,023550257.wav,speechocean_2355,m,20,ALWAYS GOOD TO SEE A BRITISH PREMIERE,premiere,r,R,0.8,unclear
speechocean762,train,306,001450083.wav,speechocean_0145,f,7,BILLY LIKES YOUR RED SWEATER,red,r,R,2.0,clear
speechocean762,test,1866,054320058.wav,speechocean_5432,f,11,SHE HAD HER HANDS FULL JUST THEN,hands,z,Z,2.0,clear
speechocean762,test,2226,096080010.wav,speechocean_9608,f,30,SO THIS WAS ALL OVER HIM?,this,s,S,2.0,clear
speechocean762,test,1315,024380317.wav,speechocean_2438,f,21,AND THEN BY HIS GRAVE HIS EYES OPENED,his,z,Z,1.8,clear
speechocean762,train,458,009600338.wav,speechocean_0960,m,28,THE NEXT STOP WAS AT THE MUSEUM,next,s,S,2.0,clear
speechocean762,train,1650,051950067.wav,speechocean_5195,f,10,THE FIRST DAY OF THE WAKE IS NOTHING TO IT,nothing,th,TH,2.0,clear
speechocean762,train,1052,021700236.wav,speechocean_2170,f,22,THANKS TO ALL WHO VOTED FOR US IN THE AWARDS,us,s,S,2.0,clear
speechocean762,test,964,014650038.wav,speechocean_1465,m,8,TWO ONE SEVEN ZERO,seven,s,S,2.0,clear
speechocean762,test,1329,024410222.wav,speechocean_2441,f,19,OR IT IS JUST ME AND WHO CARES,cares,z,Z,1.8,clear
speechocean762,train,2424,096430006.wav,speechocean_9643,f,25,THEY ALL JUMPED UP FROM THEIR SEATS SUDDENLY.,seats,s,S,2.0,clear
speechocean762,train,1767,054240091.wav,speechocean_5424,f,11,COULD IT SEE HIM,see,s,S,2.0,clear
speechocean762,train,1007,021290160.wav,speechocean_2129,f,20,SOMETIMES THE TRUTH IS DISGUSTING,truth,r,R,2.0,clear
speechocean762,test,84,000920040.wav,speechocean_0092,f,6,FIVE SEVEN ONE THREE,three,r,R,2.0,clear
speechocean762,train,59,000060153.wav,speechocean_0006,f,6,WHAT LOVELY CLEAN TEETH,teeth,th,TH,1.8,clear
speechocean762,test,1738,050170154.wav,speechocean_5017,f,10,I SEE NOTHING TO BE GLAD ABOUT,nothing,th,TH,2.0,clear
speechocean762,test,2314,096180017.wav,speechocean_9618,f,24,SHE LET GO OF HIS HAND AND RUBBED HER EYES.,eyes,z,Z,0.8,unclear
speechocean762,test,1821,054060036.wav,speechocean_5406,f,11,ALL OF US WANT TO FORGET SOMETHING OR SOMEBODY,us,s,S,2.0,clear
speechocean762,test,1948,069020075.wav,speechocean_6902,m,12,SHE MUST BE MADE TO STAY,must,s,S,0.0,unclear
speechocean762,test,1484,029170104.wav,speechocean_2917,m,19,OIL PRICES ALSO ROSE SHARPLY,prices,r,R,2.0,clear
speechocean762,train,1505,030830033.wav,speechocean_3083,f,10,I WANTS WORK AND ITS IS MY RIGHT,right,r,R,2.0,clear
speechocean762,train,223,001030048.wav,speechocean_0103,m,6,ZERO NINE THREE,three,th,TH,1.8,clear
speechocean762,test,2401,096310002.wav,speechocean_9631,m,26,SHE SMILED FOR THE FIRST TIME THAT DAY.,first,s,S,0.0,unclear
speechocean762,test,1345,024480127.wav,speechocean_2448,f,19,WOULD IT BE POSSIBLE FOR US TO DO AN INTERVIEW,us,s,S,2.0,clear
speechocean762,test,2218,096010022.wav,speechocean_9601,m,25,IT IS NOT THE FACE HE KNOWS THOUGH.,is,z,Z,1.8,clear
speechocean762,test,1229,021160188.wav,speechocean_2116,f,20,WHAT IS THIS A JOKE,this,s,S,2.0,clear
speechocean762,test,1733,050170131.wav,speechocean_5017,f,10,LEAVE IT WHERE IT'S IT'S AND BEGIN ABOUT YOURSELF,where,r,R,2.0,clear
speechocean762,train,420,008130061.wav,speechocean_0813,f,20,IT WAS JUST LIKE A SPRING TRAINING PLAY,training,r,R,2.0,clear
speechocean762,train,2313,096240014.wav,speechocean_9624,m,29,"IF SO, THE SOONER HE WAS BACK THERE THE BETTER.",there,r,R,0.4,unclear
speechocean762,train,1956,075510144.wav,speechocean_7551,f,13,SHE WAS BETWEEN SIXTEEN AND SEVENTEEN YEARS OLD,was,z,Z,1.8,clear
speechocean762,train,1036,021680332.wav,speechocean_2168,f,20,THAT WAS WHY WE SHIFTED,was,z,Z,1.8,clear
speechocean762,train,998,020890346.wav,speechocean_2089,f,20,WHAT WAS SO SPECIAL ABOUT THIS SONG,was,z,Z,1.8,clear
speechocean762,test,737,011350318.wav,speechocean_1135,m,25,IT WAS ONLY A NOTE A FEW LINES,was,z,Z,1.8,clear
speechocean762,train,2436,096430018.wav,speechocean_9643,f,25,SO EVERYONE WOULD BE SATISFIED.,everyone,r,R,0.0,unclear
speechocean762,test,1276,023270319.wav,speechocean_2327,f,22,I WANT YOUR GOOD NOTHING SO MUCH AS THAT,nothing,th,TH,2.0,clear
speechocean762,train,776,014070341.wav,speechocean_1407,m,24,OF ALL SUBJECTS OF DISCUSSION THIS IS THE MOST DIFFICULT,subjects,s,S,0.4,unclear
speechocean762,train,2206,096130007.wav,speechocean_9613,f,33,THERE IS NO PLACE FOR ME IN HIS HEART.,heart,r,R,0.0,unclear
speechocean762,test,2115,091070143.wav,speechocean_9107,m,15,SHE SENDS YOUR HER REGARD,regard,r,R,2.0,clear
speechocean762,test,406,005630142.wav,speechocean_0563,f,22,AUSTRALIA WHAT IS WRONG WITH YOU,with,th,TH,2.0,clear
speechocean762,train,2452,096450014.wav,speechocean_9645,f,20,NOT THAT THERE'S ANYTHING WRONG WITH YOUR THING.,thing,th,TH,2.0,clear
speechocean762,test,1476,028970273.wav,speechocean_2897,m,20,THIS IS AN OLD ARREST,arrest,r,R,2.0,clear
speechocean762,test,43,000440035.wav,speechocean_0044,m,6,THREE SIX FOUR SIX,three,th,TH,0.2,unclear
speechocean762,train,2499,096490020.wav,speechocean_9649,m,20,IT'S NOT FIRST PERSON NOW.,person,s,S,0.0,unclear
speechocean762,test,951,014220081.wav,speechocean_1422,m,7,LET'S DRAW LUCY'S NOSE,nose,z,Z,0.0,unclear
speechocean762,test,2465,096400008.wav,speechocean_9640,f,29,"DEATH SHOULD BE VEILED, THE GRAVE SHOULD HAVE ITS RESERVE.",grave,r,R,0.4,unclear
speechocean762,test,785,011860287.wav,speechocean_1186,m,23,NO IT IS YOU WHO MUST BE THANKED,thanked,th,TH,0.0,unclear
speechocean762,train,948,020590144.wav,speechocean_2059,f,21,CAN YOU PUT A STOP TO THIS MADNESS,this,s,S,2.0,clear
speechocean762,train,1996,080570143.wav,speechocean_8057,f,13,IT WAS A FINE NIGHT AND PRESENTLY THE MOON APPEARED,presently,z,Z,1.8,clear
speechocean762,train,2459,096450021.wav,speechocean_9645,f,20,"FOUR, FIVE, SIX, SEVEN, EIGHT, NINE.",six,s,S,0.4,unclear
speechocean762,test,1241,022520036.wav,speechocean_2252,m,20,BUT THAT'S THE WAY IT IS WAS,was,z,Z,1.8,clear
speechocean762,train,2419,096390020.wav,speechocean_9639,m,22,HE HAD NOTHING ELSE HE WANTED TO DO OUT HERE.,nothing,th,TH,2.0,clear
speechocean762,test,107,000930050.wav,speechocean_0093,f,6,SIX NINE TWO SIX,six,s,S,2.0,clear
speechocean762,train,1967,080020008.wav,speechocean_8002,m,23,IT'S GOING TO BE A BUSY WEEK,busy,z,Z,0.2,unclear
speechocean762,train,2078,095560164.wav,speechocean_9556,m,15,WHEN I SEE IT REACH YOUR HAND I FINE,reach,r,R,2.0,clear
speechocean762,train,608,010920065.wav,speechocean_1092,m,8,JAYME SMELLS FRESH FISH,smells,z,Z,1.8,clear
speechocean762,test,2284,096170006.wav,speechocean_9617,f,35,BUT NOW FOR THE FIRST TIME SOMETHING HAD MESSED UP.,messed,s,S,2.0,clear
speechocean762,train,1141,022440039.wav,speechocean_2244,f,20,HE KNOWS BETTER THAN TO TELL ME ABOUT THOSE THINGS,those,z,Z,1.8,clear
speechocean762,train,436,008130340.wav,speechocean_0813,f,20,OH IT IS RICH TO SEE AND HEAR HER,rich,r,R,2.0,clear
speechocean762,train,979,020610343.wav,speechocean_2061,f,20,I REMEMBER THAT SOME BUT STILL NOTHING OF HER,remember,r,R,2.0,clear
speechocean762,test,2422,096330006.wav,speechocean_9633,f,21,IT WAS LIKE THEY WERE ONE PERSON.,was,z,Z,2.0,clear
speechocean762,train,2214,096130016.wav,speechocean_9613,f,33,"I HAVE A GUN TO YOUR HEAD, RIGHT NOW.",your,r,R,0.0,unclear
speechocean762,train,2463,096460005.wav,speechocean_9646,f,21,HIS FATHER HAZARDED ONE GUESS.,his,z,Z,0.0,unclear
speechocean762,test,1375,024510323.wav,speechocean_2451,f,23,NO ANGEL WOULD DO SUCH A THING,thing,th,TH,2.0,clear
speechocean762,test,1338,024410368.wav,speechocean_2441,f,19,THE MOTIVE FOR THE CRIME IS NOT FAR TO SEEK,crime,r,R,2.0,clear
speechocean762,test,1537,030070138.wav,speechocean_3007,m,10,HE PUT HIS ARM ROUND HER,round,r,R,2.0,clear
speechocean762,train,1515,030830129.wav,speechocean_3083,f,10,WHICH DO YOU CARE TO USE,use,z,Z,2.0,clear
speechocean762,test,648,010750043.wav,speechocean_1075,m,7,TWO ZERO ONE SEVEN,seven,s,S,2.0,clear
speechocean762,test,887,014040088.wav,speechocean_1404,m,7,HERE IS PETER'S SOCKS,socks,s,S,0.0,unclear
speechocean762,test,1394,024880258.wav,speechocean_2488,f,21,DO YOU EVER THINK ABOUT THE THINGS YOU SAY,things,th,TH,2.0,clear
speechocean762,train,31,000050083.wav,speechocean_0005,m,6,KATE'S GOT SOME GREY,grey,r,R,0.4,unclear
speechocean762,test,2285,096170007.wav,speechocean_9617,f,35,AND ONCE MORE SHE WAS ALL HIS OWN.,was,z,Z,2.0,clear
speechocean762,train,2104,096040006.wav,speechocean_9604,f,21,I COULD SEE THAT HIS HANDS WERE SHAKING TOO.,his,z,Z,0.0,unclear
speechocean762,train,480,010270117.wav,speechocean_1027,m,37,YELL THE VERY SAME THING,same,s,S,2.0,clear
speechocean762,train,2124,096060005.wav,speechocean_9606,f,21,IN HIS EYES HE ONLY SAW HER.,eyes,z,Z,0.0,unclear
speechocean762,test,948,014220066.wav,speechocean_1422,m,7,DORA GOT SOME CAKE,some,s,S,2.0,clear
speechocean762,test,179,001110173.wav,speechocean_0111,m,6,AND ONE OF FISH PLEASE,please,z,Z,1.8,clear
speechocean762,test,1138,020160347.wav,speechocean_2016,m,19,BUT SHE THOUGHT IT WAS GOING TO BE WORTH IT,thought,th,TH,2.0,clear
speechocean762,test,538,010300325.wav,speechocean_1030,m,27,THE TWENTY THOUSAND POUNDS WERE NOTHING,thousand,th,TH,2.0,clear
speechocean762,train,1232,024020253.wav,speechocean_2402,f,21,SPIRITUAL FORMATION IS NOT SOMETHING WE MASTER,something,th,TH,2.0,clear
speechocean762,train,2220,096140002.wav,speechocean_9614,f,28,I NEVER THOUGHT YOU WOULD BE ONE FOR THE SUBURBS.,thought,th,TH,0.0,unclear
speechocean762,test,2351,096230013.wav,speechocean_9623,m,21,HOW LONG WAS HE GOING TO BE HERE?,was,z,Z,1.8,clear
speechocean762,train,1327,027990160.wav,speechocean_2799,f,20,I HAVE A NEW THING ON THE FRIDGE,thing,th,TH,2.0,clear
speechocean762,test,2379,096260022.wav,speechocean_9626,m,37,HE WAS MORE THAN JUST A FATHER.,was,z,Z,0.0,unclear
speechocean762,test,197,001120156.wav,speechocean_0112,f,6,THE DUCKS WANT SOME BREAD,some,s,S,2.0,clear
speechocean762,test,177,001110141.wav,speechocean_0111,m,6,ANDY SAYS TODAY IS FRIDAY,says,z,Z,1.8,clear
speechocean762,train,630,011970092.wav,speechocean_1197,m,7,LOOK AT MARY'S COAT,mary's,r,R,2.0,clear
speechocean762,test,2128,091180075.wav,speechocean_9118,f,15,AS LONG AS YOU FIND ME WORK I WILL REMAIN,as,z,Z,2.0,clear
speechocean762,train,1960,080020001.wav,speechocean_8002,m,23,BUT THAT'S ANOTHER STORY ALTOGETHER,story,s,S,2.0,clear
speechocean762,train,1268,024300093.wav,speechocean_2430,f,22,THERE IS ALWAYS THE QUESTION OF WHAT WILL FOLLOW,is,z,Z,2.0,clear
speechocean762,test,1610,030600070.wav,speechocean_3060,m,9,BUT WHAT IS THE SOMETHING,something,th,TH,1.8,clear
speechocean762,train,2482,096490003.wav,speechocean_9649,m,20,BEST TO GIVE THEM WHAT THEY WANTED.,best,s,S,2.0,clear
speechocean762,test,707,011090220.wav,speechocean_1109,m,30,ALL HE WANTED TO DO WAS WIN,was,z,Z,1.8,clear
speechocean762,train,1913,069120106.wav,speechocean_6912,m,12,THEN I TOOK HIS CHILD THERE,his,z,Z,1.8,clear
speechocean762,train,504,010290123.wav,speechocean_1029,m,31,THANK YOU FOR MAKING ME FEEL SO ALIVE,so,s,S,2.0,clear
speechocean762,test,1480,029170012.wav,speechocean_2917,m,19,THAT'S THE KIND OF PERSON I LIKE TO DEAL WITH,person,s,S,2.0,clear
speechocean762,test,1388,024880194.wav,speechocean_2488,f,21,SO PLEASE FEEL FREE TO LET US KNOW,free,r,R,2.0,clear
speechocean762,train,88,000360223.wav,speechocean_0036,f,21,I KEEP IT TO BE AMUSED BY THE STUPIDITY,amused,z,Z,0.8,unclear
speechocean762,train,1393,030200101.wav,speechocean_3020,m,9,THIS IS WHY IT DOES SO,does,z,Z,2.0,clear
speechocean762,train,2165,096090008.wav,speechocean_9609,m,27,THERE WAS NO WAY TO TELL FOR SURE.,there,r,R,0.4,unclear
speechocean762,test,2138,091180161.wav,speechocean_9118,f,15,NOTHING REMAINS FOR US BUT WAIT AND HOPE,nothing,th,TH,1.8,clear
speechocean762,test,1389,024880195.wav,speechocean_2488,f,21,WHERE DO YOU THINK IS A GOOD FIT,think,th,TH,2.0,clear
speechocean762,train,296,001350343.wav,speechocean_0135,f,20,I PUT MY ELBOWS ON THE TABLE,elbows,z,Z,1.8,clear
speechocean762,test,769,011810213.wav,speechocean_1181,m,23,EATING RACE WITH A FORK,race,r,R,2.0,clear
speechocean762,test,919,014080362.wav,speechocean_1408,m,22,THERE WAS SOMETHING IN HIS POCKET,something,th,TH,1.8,clear
speechocean762,test,1758,050290167.wav,speechocean_5029,m,11,THERE WAS NOTHING GOOD IN IT FOR ME,nothing,th,TH,2.0,clear
speechocean762,train,2426,096430008.wav,speechocean_9643,f,25,LET US BEGIN ON THOSE DEBTS.,those,z,Z,0.4,unclear
speechocean762,test,97,000920149.wav,speechocean_0092,f,6,JOHN LIKES THE BIG SEE TRAIN NOW,see,s,S,2.0,clear
speechocean762,test,1590,030270093.wav,speechocean_3027,f,8,WAS IT TO COME TO THAT,was,z,Z,2.0,clear
speechocean762,train,1908,069120083.wav,speechocean_6912,m,12,MY FRIENDS FOUND WATER,friends,z,Z,2.0,clear
speechocean762,test,2263,096120004.wav,speechocean_9612,f,20,AND THEN SOMETHING KNOCKED ME OUT OF THE WAY.,something,th,TH,1.8,clear
speechocean762,test,1789,050720076.wav,speechocean_5072,m,10,IT A CLEVER TRICK BUT IT WON'T HOLD WATER,trick,r,R,2.0,clear
speechocean762,test,809,012280243.wav,speechocean_1228,m,26,WOULD BE INTERESTING TO SEE ANOTHER ONE,interesting,r,R,2.0,clear
speechocean762,train,2267,096160008.wav,speechocean_9616,f,28,I DROPPED MY HAND AND PUT IT ON MY SIDE.,dropped,r,R,0.8,unclear
speechocean762,test,2469,096400014.wav,speechocean_9640,f,29,WAITING FOR WHAT? SHE THOUGHT.,thought,th,TH,1.8,clear
speechocean762,test,2473,096400020.wav,speechocean_9640,f,29,AUTHOR NOTE: HELLO AGAIN EVERYONE!,everyone,r,R,2.0,clear
speechocean762,train,2193,096110016.wav,speechocean_9611,f,30,IT WAS THE JAPANESE MAN FROM THE OTHER NIGHT.,japanese,z,Z,0.0,unclear
speechocean762,train,959,020590376.wav,speechocean_2059,f,21,THE REBELS HAD COME UPON HIS LAND,his,z,Z,1.8,clear
speechocean762,test,371,004570256.wav,speechocean_0457,f,21,WHAT IS THE BEST MONTH OF THE YEAR,month,th,TH,2.0,clear
speechocean762,test,1575,030140132.wav,speechocean_3014,m,9,HE DOES NOT KNOW WHAT HE WANTS,does,z,Z,1.8,clear
speechocean762,test,401,005630044.wav,speechocean_0563,f,22,HOWEVER HE IS NOT LEGALLY RESPONSIBLE,responsible,r,R,2.0,clear
speechocean762,test,1949,069020090.wav,speechocean_6902,m,12,I CALLED THIS ONE IN AND GAVE HIM HIS SUPPER,this,s,S,0.4,unclear
speechocean762,test,254,001200168.wav,speechocean_0120,f,19,EASILY ONE OF THE BEST IN THE WORLD,easily,z,Z,2.0,clear
speechocean762,test,2229,096080014.wav,speechocean_9608,f,30,IT WAS SOMETHING MORE THAN THAT.,something,s,S,0.8,unclear
speechocean762,train,2329,096250011.wav,speechocean_9625,f,25,BUT THERE WAS SO MUCH MORE TO COME.,there,r,R,0.4,unclear
speechocean762,train,2044,090700045.wav,speechocean_9070,f,15,AN IMPORTANT PRODUCT SUCH AS THIS,as,z,Z,2.0,clear
speechocean762,train,954,020590274.wav,speechocean_2059,f,21,THIS WAS ONLY THE START OF THE TRAIL,trail,r,R,2.0,clear
speechocean762,train,153,000540111.wav,speechocean_0054,m,6,MARY CAN SEE THE THIEF,thief,th,TH,2.0,clear
speechocean762,test,307,001490056.wav,speechocean_0149,f,7,LILLY LATE A LITTLE RICE,rice,s,S,2.0,clear
speechocean762,train,1368,030020100.wav,speechocean_3002,m,9,I KNOW THAT HE IS SURE OF IT,is,z,Z,2.0,clear
speechocean762,test,582,010460030.wav,speechocean_1046,m,7,TWO ZERO SIX FOUR,six,s,S,2.0,clear
speechocean762,test,2440,096350006.wav,speechocean_9635,f,24,"THERE IS NO END TO THIS, IS THERE?",is,z,Z,2.0,clear
speechocean762,test,1863,054320024.wav,speechocean_5432,f,11,HIS KIND WILL COME FIRST AND BETTER ONES AFTER,his,z,Z,0.0,unclear
speechocean762,train,1281,024500021.wav,speechocean_2450,f,19,HE AND HIS PARENTS SAY THEY ARE NO LONGER SPEAKING,say,s,S,2.0,clear
speechocean762,test,1332,024410241.wav,speechocean_2441,f,19,WHY DO YOU WANT TO REPLACE HIM,replace,r,R,2.0,clear
speechocean762,test,1795,050720136.wav,speechocean_5072,m,10,IS IT ALL TOO LATE,is,z,Z,2.0,clear
speechocean762,test,1201,021120059.wav,speechocean_2112,f,20,WE WANT OUR TEAMS TO REMAIN WHERE THEY ARE,teams,z,Z,1.8,clear
speechocean762,train,677,012600345.wav,speechocean_1260,m,25,WE PROFIT FROM THE WORK OF THE SPECIALISTS,profit,r,R,2.0,clear
speechocean762,train,1128,022420146.wav,speechocean_2242,m,20,THE SPRING MARKET IS STRONG,is,z,Z,1.8,clear
speechocean762,test,2028,085810078.wav,speechocean_8581,f,15,IF THE THING WAS TRUE IT WAS TERRIBLE,thing,th,TH,1.8,clear
speechocean762,test,472,007650254.wav,speechocean_0765,m,20,EVERYTHING IS IN GOD'S WORD,everything,th,TH,1.8,clear
speechocean762,train,1140,022440038.wav,speechocean_2244,f,20,INSURANCE IS A MAJOR CONSIDERATION IN MOVING,consideration,r,R,2.0,clear
speechocean762,train,2319,096240021.wav,speechocean_9624,m,29,SHE HAD MORE THAN ONCE TO REMIND HIM OF THIS.,remind,r,R,0.0,unclear
speechocean762,test,258,001200338.wav,speechocean_0120,f,19,BUT THE SILENCE WAS DIFFICULT,was,z,Z,2.0,clear
speechocean762,test,2430,096330014.wav,speechocean_9633,f,21,I JUST WANT HER BACK.,just,s,S,2.0,clear
speechocean762,train,1476,030490142.wav,speechocean_3049,m,9,IT IS A LONG STORY,story,s,S,2.0,clear
speechocean762,train,2084,096000006.wav,speechocean_9600,f,28,IT WAS LIKE THEY WERE LOST OR SOMETHING.,was,z,Z,0.0,unclear
speechocean762,test,2217,096010021.wav,speechocean_9601,m,25,HE SHRUGGED ME OFF LIKE I WAS NOTHING.,shrugged,r,R,0.0,unclear
speechocean762,train,462,010120071.wav,speechocean_1012,m,29,I WAS ALL OVER HIM IN THE SECOND SET,was,z,Z,1.8,clear
speechocean762,test,1044,015030015.wav,speechocean_1503,m,7,SO SANDY WENT TO FIND THE SUPER,so,s,S,2.0,clear
speechocean762,train,2251,096150018.wav,speechocean_9615,f,21,"HE, ONE THE OTHER HAND, WAS DIFFERENT.",different,r,R,0.8,unclear
speechocean762,train,2494,096490015.wav,speechocean_9649,m,20,THINGS ARE MOVING ALONG SO FAST.,things,z,Z,1.8,clear
speechocean762,train,2306,096240007.wav,speechocean_9624,m,29,THAT IS THE WAY WE MUST BE IN THIS BUSINESS.,business,z,Z,0.0,unclear
speechocean762,test,224,001140054.wav,speechocean_0114,m,6,THREE FOUR THREE NINE,three,th,TH,2.0,clear
speechocean762,train,1853,061210129.wav,speechocean_6121,f,11,OF COURSE I KNOW THAT ALL THIS IS VERY SERIOUS,serious,r,R,2.0,clear
speechocean762,train,1555,032080119.wav,speechocean_3208,f,9,SURELY THAT IS NOT TOO LONG TO WAIT,is,z,Z,1.8,clear
speechocean762,test,532,010300217.wav,speechocean_1030,m,27,AND KEEP IN TOUCH WITH HER,with,th,TH,2.0,clear
speechocean762,test,2222,096080006.wav,speechocean_9608,f,30,"THEY WERE ALREADY IN, AND SEEMED LIKE THEY SAW NOTHING.",already,r,R,0.0,unclear
speechocean762,test,929,014200207.wav,speechocean_1420,m,25,PLUS IS NOW ON THE LINE UP,plus,s,S,2.0,clear
speechocean762,test,2470,096400016.wav,speechocean_9640,f,29,"HER EYES, USUALLY SO GENTLE, FLASHED FIRE.",eyes,z,Z,0.0,unclear
speechocean762,train,594,010640280.wav,speechocean_1064,m,26,I THINK IT'S TIME WE HAVE ALMOST IN ON SEE,it's,s,S,2.0,clear
speechocean762,train,938,020360312.wav,speechocean_2036,f,21,IT REMAINS THE STANDARD THE RULE THE TERM OF COMPARISON,remains,z,Z,1.8,clear
speechocean762,test,2356,096230018.wav,speechocean_9623,m,21,"WE MUST THINK OF THE GOOD, AND NOT THE EVIL.",think,th,TH,2.0,clear
speechocean762,test,2402,096310003.wav,speechocean_9631,m,26,THERE WAS SOMETHING IN FRONT OF HER.,front,r,R,0.0,unclear
speechocean762,train,930,020360202.wav,speechocean_2036,f,21,I THOUGHT I HAD LOST MY PHONE,thought,th,TH,2.0,clear
speechocean762,test,2119,091070175.wav,speechocean_9107,m,15,I SEE YOU ALL SWING IN A ROPE,rope,r,R,2.0,clear
speechocean762,train,1297,024500333.wav,speechocean_2450,f,19,AS FOR THE FINAL THREE,three,th,TH,1.8,clear
speechocean762,train,406,007390119.wav,speechocean_0739,m,20,NOTHING TO DO WITH HAVING A BABY,nothing,th,TH,2.0,clear
speechocean762,test,1734,050170132.wav,speechocean_5017,f,10,NO SHE MUST JUST WAIT AND SEE WHAT WOULD HAPPEN,just,s,S,2.0,clear
speechocean762,train,2022,090340021.wav,speechocean_9034,f,15,BUT YOUR FRIENDS ARE PROUD AND RICH,friends,r,R,2.0,clear
speechocean762,train,2034,090340126.wav,speechocean_9034,f,15,I AM NO LONGER A PARTNER IN THE HOUSE,house,s,S,2.0,clear
speechocean762,train,803,014190030.wav,speechocean_1419,m,7,SIX TWO THREE THREE,three,th,TH,0.8,unclear
speechocean762,test,2427,096330011.wav,speechocean_9633,f,21,THIS WAS NOT IN HIS MIND.,this,s,S,0.0,unclear
speechocean762,train,964,020610122.wav,speechocean_2061,f,20,THIS IS A NATURAL PART OF LIFE,natural,r,R,2.0,clear
speechocean762,test,871,013340255.wav,speechocean_1334,m,29,THIS IS GOING TO BE A BUSY EVENING,busy,z,Z,2.0,clear
speechocean762,test,1050,015030082.wav,speechocean_1503,m,7,TIM LIKES THE OLD DRESS,likes,s,S,2.0,clear
speechocean762,test,692,010990218.wav,speechocean_1099,m,43,CHANGE IS PART OF GROWING,is,z,Z,1.8,clear
speechocean762,train,422,008130091.wav,speechocean_0813,f,20,THREE OF THE VICTIMS WERE LISTED IN SERIOUS CONDITION,three,r,R,2.0,clear
speechocean762,test,1061,020020032.wav,speechocean_2002,f,28,SHE PLANS TO RETURN TO THE CLASSROOM NEXT FALL,classroom,r,R,2.0,clear
speechocean762,train,2462,096460004.wav,speechocean_9646,f,21,THE MOON WOULD NOT RISE TILL LATER.,rise,z,Z,0.4,unclear
speechocean762,test,2288,096170010.wav,speechocean_9617,f,35,THERE WAS NO OTHER WAY AROUND IT!,around,r,R,0.0,unclear
speechocean762,test,2,000030040.wav,speechocean_0003,m,6,TWO SIX FOUR EIGHT,four,r,R,1.8,clear
speechocean762,train,1616,038370153.wav,speechocean_3837,f,12,HE LOOK UP WITH AN IDEA IN HIS EYES,with,th,TH,1.8,clear
speechocean762,test,941,014220003.wav,speechocean_1422,m,7,MARY IS GOING TO SEE DOG,mary,r,R,2.0,clear
speechocean762,test,753,011560269.wav,speechocean_1156,m,33,I NEED TO DO SOMETHING WITH MY LIFE,something,th,TH,2.0,clear
speechocean762,test,1885,055470080.wav,speechocean_5547,m,11,TAKE HERE AND NO SMALL PART SHOULD BE THEIR,small,s,S,2.0,clear
speechocean762,train,1056,021700291.wav,speechocean_2170,f,22,THAT WAS A GREAT CHAPTER,great,r,R,2.0,clear
speechocean762,test,1465,028970057.wav,speechocean_2897,m,20,BOTH PLAYERS HOWEVER WERE AFFECTIES IN THE FOURTH QUARTER,fourth,th,TH,2.0,clear
speechocean762,train,860,014470007.wav,speechocean_1447,m,7,IT IS A VERY BOSSY TURKEY,is,z,Z,1.8,clear
speechocean762,test,2311,096180014.wav,speechocean_9618,f,24,I ALWAYS THOUGHT HE WAS A GOOD PERSON.,was,z,Z,2.0,clear
speechocean762,test,2177,095550146.wav,speechocean_9555,f,15,WE MIGHT PICK UP SOME POINTS,points,s,S,2.0,clear
speechocean762,train,1218,023800363.wav,speechocean_2380,f,21,THUS FAR THEREFORE ALL WAS WELL,was,z,Z,1.8,clear
speechocean762,test,2331,096220012.wav,speechocean_9622,f,20,HE CLOSED HIS EYES AS HE WALKED.,closed,z,Z,0.0,unclear
speechocean762,test,1858,054280148.wav,speechocean_5428,f,11,BUT WE KNOW NOTHING OF HIM,nothing,th,TH,1.8,clear
speechocean762,train,1664,052180041.wav,speechocean_5218,f,12,I HAVE DONE AS WELL AS I COULD,as,z,Z,1.8,clear
speechocean762,train,2201,096130002.wav,speechocean_9613,f,33,THAT WAS ALL HE COULD THINK.,think,th,TH,2.0,clear
speechocean762,test,483,008110107.wav,speechocean_0811,f,20,I WAS TURNED AROUND TO GET THE PLANE THAT FIRED,fired,r,R,2.0,clear
speechocean762,train,1135,022420306.wav,speechocean_2242,m,20,IT IS MY LOVE THAT IS BOLD,is,z,Z,1.8,clear
speechocean762,train,1123,022420073.wav,speechocean_2242,m,20,YET ALL IT TAKES IS THREE TWO ONE,is,z,Z,1.8,clear
speechocean762,test,2233,096080021.wav,speechocean_9608,f,30,WHAT WAS THERE AFTER THIS WHICH HE MIGHT NOT DO?,this,s,S,2.0,clear
speechocean762,train,1084,022080116.wav,speechocean_2208,f,20,NOT THE SAME BUT IT IS DELICIOUS,is,z,Z,1.8,clear
speechocean762,train,1154,022440312.wav,speechocean_2244,f,20,IT'S AS STEADY AS A ROCK,rock,r,R,2.0,clear
speechocean762,test,2004,081530023.wav,speechocean_8153,f,14,YOU WILL NOT GET THE HANDSOME LOOKS,handsome,s,S,2.0,clear
speechocean762,train,291,001350243.wav,speechocean_0135,f,20,READY TO BE AT THE LAKE,ready,r,R,2.0,clear
speechocean762,test,2189,095580088.wav,speechocean_9558,m,15,PUT THESE CONSIDERATIONS BEFORE HER FROM ME THEN,from,r,R,2.0,clear
speechocean762,test,83,000920025.wav,speechocean_0092,f,6,SIX FIVE TWO SEVEN,six,s,S,2.0,clear
speechocean762,test,1733,050170131.wav,speechocean_5017,f,10,LEAVE IT WHERE IT'S IT'S AND BEGIN ABOUT YOURSELF,it's,s,S,0.8,unclear
speechocean762,train,1211,023800278.wav,speechocean_2380,f,21,I WAS ABLE TO DEFEND AGAINST IT SUCCESSFULLY,successfully,s,S,2.0,clear
speechocean762,train,877,014470141.wav,speechocean_1447,m,7,JACK IS NOT A REAL BASEBALL PLAYER,is,z,Z,2.0,clear
speechocean762,test,1149,020270108.wav,speechocean_2027,m,8,DADDY IS LIKE A BIG TOBOGGAN,is,z,Z,1.8,clear
speechocean762,test,2381,096290002.wav,speechocean_9629,f,25,WHAT I DO KNOW IS THIS.,is,z,Z,2.0,clear
speechocean762,test,1806,052200066.wav,speechocean_5220,m,11,THERE IS NOTHING AT ALL,nothing,th,TH,1.8,clear
speechocean762,test,336,001570324.wav,speechocean_0157,f,21,HERE IS A GENUINE MAN KING WAS THINKING,thinking,th,TH,2.0,clear
speechocean762,train,1975,080020016.wav,speechocean_8002,m,23,CHEERS TO A GREAT GROUP,cheers,z,Z,1.8,clear
speechocean762,test,945,014220044.wav,speechocean_1422,m,7,FOUR FIVE ZERO THREE,three,th,TH,0.0,unclear
speechocean762,train,1022,021680048.wav,speechocean_2168,f,20,HE WILL BE EXPECTED TO IMPROVE IN BOTH AREAS,both,th,TH,1.8,clear
speechocean762,train,1591,036360106.wav,speechocean_3636,m,9,YES IT WAS ALL RIGHT THIS TIME,was,z,Z,1.8,clear
speechocean762,test,2367,096260009.wav,speechocean_9626,m,37,"HE THEN WALKED FROM THERE, OUT OF THAT ROOM.",there,r,R,0.0,unclear
speechocean762,train,2088,096000010.wav,speechocean_9600,f,28,I THOUGHT I WOULD NEVER SMILE AGAIN.,thought,th,TH,0.8,unclear
speechocean762,train,923,020360055.wav,speechocean_2036,f,21,THAT'S THE WAY THE SYSTEM IS SUPPOSED TO WORK,is,z,Z,1.8,clear
speechocean762,train,974,020610291.wav,speechocean_2061,f,20,DO YOU HAVE A BATHROOM,bathroom,th,TH,2.0,clear
speechocean762,train,908,020340071.wav,speechocean_2034,m,8,PETER NEEDS NEW SHOES,needs,z,Z,2.0,clear
speechocean762,test,1295,023550260.wav,speechocean_2355,m,20,I THOUGHT IT'S WAS A FUN FACT,thought,th,TH,2.0,clear
speechocean762,test,2482,096470004.wav,speechocean_9647,f,20,THIS WAS LIKE STRIKING THEIR FLAG.,was,z,Z,0.0,unclear
speechocean762,test,2296,096170021.wav,speechocean_9617,f,35,SO THAT IS WHAT I WANT TO BE CALLED.,is,z,Z,1.8,clear
speechocean762,test,198,001120159.wav,speechocean_0112,f,6,SHE WAS VERY PRETTY,was,z,Z,2.0,clear
speechocean762,test,2348,096230010.wav,speechocean_9623,m,21,AND I NEVER THOUGHT A THING.,thought,th,TH,2.0,clear
speechocean762,test,381,004610054.wav,speechocean_0461,m,23,IT WAS VERY VERY STRANGE,was,z,Z,1.8,clear
speechocean762,test,1007,015010094.wav,speechocean_1501,m,7,JIM LIKES YOUR BLUE SWEATER,likes,s,S,2.0,clear
speechocean762,test,722,011350027.wav,speechocean_1135,m,25,STARTING ON TUESDAY IT'S BACK TO WORK,tuesday,z,Z,0.4,unclear
speechocean762,train,441,009600113.wav,speechocean_0960,m,28,HE'S UP AGAINST SOMETHING THAT IS NOT GOING TO YIELD,something,th,TH,2.0,clear
speechocean762,test,1496,029170309.wav,speechocean_2917,m,19,HE HAD NEVER HAD AN ATTENDANT FOR HIS OWN PERSON,his,z,Z,1.8,clear
speechocean762,train,591,010640242.wav,speechocean_1064,m,26,AND IT WAS TOO FUNNY,was,z,Z,1.8,clear
speechocean762,test,1824,054060064.wav,speechocean_5406,f,11,OH COULD HE NOT STAY WHERE HE WAS SAFE,was,z,Z,2.0,clear
speechocean762,test,704,011090140.wav,speechocean_1109,m,30,YOU MADE ME BELIEVE WE CAN ALL MAKE A DIFFERENCE,difference,r,R,2.0,clear
speechocean762,train,963,020610090.wav,speechocean_2061,f,20,THEY BEAT US ON THE FIELD,us,s,S,2.0,clear
speechocean762,test,1313,024380278.wav,speechocean_2438,f,21,HAPPY BIRTHDAY THANK YOU FOR YOUR ALL YOU DO,thank,th,TH,2.0,clear
speechocean762,test,1326,024410158.wav,speechocean_2441,f,19,SOCIAL AND DOWN TO EARTH,earth,th,TH,2.0,clear
speechocean762,test,488,008110159.wav,speechocean_0811,f,20,LET US KNOW IF YOU HAVE ANY OTHER QUESTIONS,questions,s,S,2.0,clear
speechocean762,train,1442,030460048.wav,speechocean_3046,m,9,THEY WANTING SOMETHING OF HIM,something,th,TH,1.8,clear
speechocean762,train,2494,096490015.wav,speechocean_9649,m,20,THINGS ARE MOVING ALONG SO FAST.,things,th,TH,1.8,clear
speechocean762,train,421,008130081.wav,speechocean_0813,f,20,THE JAZZ WERE UNABLE TO GET OFF A FINAL SHOT,jazz,z,Z,1.8,clear
speechocean762,train,2163,096090006.wav,speechocean_9609,m,27,WE HAVE THE BEST PEOPLE ON THIS.,best,s,S,0.0,unclear
speechocean762,train,1359,029810360.wav,speechocean_2981,f,21,WHY AM I A GHOST,ghost,s,S,2.0,clear
speechocean762,train,1763,054240039.wav,speechocean_5424,f,11,IN THE AFTERNOON I SAW HIM,saw,s,S,2.0,clear
speechocean762,test,284,001330067.wav,speechocean_0133,f,7,BY BILLY'S MOUTH,mouth,th,TH,2.0,clear
speechocean762,test,1416,025380277.wav,speechocean_2538,f,21,YES IT WAS AN EARTHQUAKE,earthquake,th,TH,2.0,clear
speechocean762,test,2075,090880145.wav,speechocean_9088,f,15,IT WAS AS STILL AS DEATH,death,th,TH,2.0,clear
speechocean762,train,300,001450037.wav,speechocean_0145,f,7,FOUR THREE THREE EIGHT,three,th,TH,1.8,clear
speechocean762,test,2474,096400021.wav,speechocean_9640,f,29,EVERY MINUTE SEEMED LIKE AN HOURS.,hours,z,Z,0.0,unclear
speechocean762,train,1251,024270178.wav,speechocean_2427,f,22,LOOKS TO BE WORTH THE WAIT,worth,th,TH,2.0,clear
speechocean762,test,1185,020310114.wav,speechocean_2031,f,21,HE WAS MARRIED AND HAD THREE YOUNG SONGS,three,th,TH,1.8,clear
speechocean762,test,1079,020020377.wav,speechocean_2002,f,28,IT WAS A STRANGE THING,thing,th,TH,2.0,clear
speechocean762,test,796,011860363.wav,speechocean_1186,m,23,AM I NEVER TO BE ALLOWED TO DO ANYTHING,anything,th,TH,0.6,unclear
speechocean762,test,2306,096180009.wav,speechocean_9618,f,24,THERE WAS A MAN BEHIND ME.,was,z,Z,2.0,clear
speechocean762,train,1689,054010079.wav,speechocean_5401,m,11,OF THESE THREE ALL DAUGHTERS LIVED TO GROW UP,three,th,TH,1.8,clear
speechocean762,train,1091,022080189.wav,speechocean_2208,f,20,AND THERE IS NO ANSWER,is,z,Z,1.8,clear
speechocean762,train,2207,096130008.wav,speechocean_9613,f,33,I KEEP MY EYES ON HIM.,eyes,z,Z,0.4,unclear
speechocean762,test,2361,096260003.wav,speechocean_9626,m,37,IT WAS JUST YOU LAST TIME.,was,z,Z,0.0,unclear
speechocean762,test,457,007360299.wav,speechocean_0736,f,21,THOSE ARE NOT PART OF THE RULES,those,z,Z,2.0,clear
speechocean762,test,674,010760111.wav,speechocean_1076,m,7,BETTY CAN SEE THE MUSIC ROOM,music,z,Z,0.6,unclear
speechocean762,test,305,001490045.wav,speechocean_0149,f,7,SANDY IS GOOD AT ROCK CLIMBING,sandy,s,S,2.0,clear
speechocean762,test,432,005670282.wav,speechocean_0567,f,21,THIS WILL BE A WILD RIDE TO THE FINISH,this,s,S,2.0,clear
speechocean762,test,1734,050170132.wav,speechocean_5017,f,10,NO SHE MUST JUST WAIT AND SEE WHAT WOULD HAPPEN,see,s,S,0.8,unclear
speechocean762,train,2476,096460018.wav,speechocean_9646,f,21,THIS PLACE IS BAD NEWS.,news,z,Z,0.4,unclear
speechocean762,test,954,014220115.wav,speechocean_1422,m,7,THEN ALISA WALKED TO GARDEN,garden,r,R,0.0,unclear
speechocean762,test,2122,091180035.wav,speechocean_9118,f,15,YES YOU WILL SEE HERE HAVE SPEECH WITH HERE,yes,s,S,2.0,clear
speechocean762,test,1139,020160371.wav,speechocean_2016,m,19,NOW THAT I SAW IT ALL AT ONCE MYSELF,myself,s,S,2.0,clear
speechocean762,test,1697,036310159.wav,speechocean_3631,f,9,TELL ME IS SHE WELL AND HAPPY,is,z,Z,2.0,clear
speechocean762,test,2223,096080007.wav,speechocean_9608,f,30,THE SAME LOOK OF CONFUSION IS ON HIS FACE.,face,s,S,0.0,unclear
speechocean762,train,1322,027990056.wav,speechocean_2799,f,20,ON SUNDAY NONE OF THAT COUNTED FOR ANYTHING,anything,th,TH,2.0,clear
speechocean762,test,1963,080630030.wav,speechocean_8063,f,13,LAUGH AS MUCH AS YOU LIKE,as,z,Z,1.8,clear
speechocean762,train,2321,096250002.wav,speechocean_9625,f,25,SHE TURNED AROUND AND LOOKED HIM IN THE EYES.,eyes,z,Z,0.4,unclear
speechocean762,test,392,004610238.wav,speechocean_0461,m,23,DEPENDS ON A NUMBER OF THINGS,things,th,TH,2.0,clear
speechocean762,train,1923,070010004.wav,speechocean_7001,m,26,EVEN WHEN WE LOSE IT USUALLY A VERY CLOSE GAME,very,r,R,0.0,unclear
speechocean762,test,2476,096400024.wav,speechocean_9640,f,29,BUT THIS WANTS FARTHER EXPLANATION.,wants,s,S,0.0,unclear
speechocean762,train,2464,096460006.wav,speechocean_9646,f,21,"WHEN HE RETURNED, HE ASKED IF THEY WERE HUNGRY.",hungry,r,R,0.0,unclear
speechocean762,train,654,012030078.wav,speechocean_1203,m,7,BY CASEY MOUTH,mouth,th,TH,2.0,clear
speechocean762,test,1203,021120075.wav,speechocean_2112,f,20,THIS IS JUST THE WAY I FEEL MOST COMFORTABLE WORKING,is,z,Z,1.8,clear
speechocean762,train,658,012030116.wav,speechocean_1203,m,7,SO PETER WAIT INTO THE HOSPITAL,so,s,S,2.0,clear
speechocean762,train,2466,096460008.wav,speechocean_9646,f,21,THOSE EYES COULD STOP BULLETS.,those,z,Z,0.0,unclear
speechocean762,train,433,008130288.wav,speechocean_0813,f,20,THINGS ARE ONLY GOING TO GET WORSE FROM HERE,things,th,TH,2.0,clear
speechocean762,train,2481,096490002.wav,speechocean_9649,m,20,HE LOOKED AROUND THE HOTEL RESTAURANT.,restaurant,r,R,0.0,unclear
speechocean762,train,1655,051950138.wav,speechocean_5195,f,10,BUT WHO ELSE WAS TO DO IT,was,z,Z,1.8,clear
speechocean762,test,2035,085810121.wav,speechocean_8581,f,15,THERE WAS NO EXCEPTION TO HIS RULE,was,z,Z,2.0,clear
speechocean762,test,960,014650011.wav,speechocean_1465,m,8,HANDY CAN DRAW THE TURKEY,draw,r,R,2.0,clear
speechocean762,train,2475,096460017.wav,speechocean_9646,f,21,"SO SIMILAR, YET SO DIFFERENT.",so,s,S,0.0,unclear
speechocean762,test,196,001120148.wav,speechocean_0112,f,6,MANDY LIVED IN CANBERRA,canberra,r,R,0.4,unclear
speechocean762,test,519,009810349.wav,speechocean_0981,m,25,I THOUGHT YOU WERE MARRIED,thought,th,TH,1.8,clear
speechocean762,test,2396,096290020.wav,speechocean_9629,f,25,SHE STOPPED WHERE SHE WAS AND LOOKED AROUND.,stopped,s,S,2.0,clear
speechocean762,test,2252,096100013.wav,speechocean_9610,f,22,"IF SO, WHAT WAS IT?",so,s,S,2.0,clear
speechocean762,test,1099,020070166.wav,speechocean_2007,m,8,OH THOSE GOOD ONES,ones,z,Z,1.8,clear
speechocean762,train,1844,061210063.wav,speechocean_6121,f,11,VERY WELL I HAVE NO MORE QUESTIONS TO ASK,questions,z,Z,1.8,clear
speechocean762,train,1858,061210148.wav,speechocean_6121,f,11,AND DID YOU HEAR NOTHING,nothing,th,TH,2.0,clear
speechocean762,test,2178,095550148.wav,speechocean_9555,f,15,AND THAT MAKES IT WORSE,makes,s,S,2.0,clear
speechocean762,train,2212,096130013.wav,speechocean_9613,f,33,"HE THOUGHT ABOUT SOMETHING, AND THEN HE ASKED.",thought,th,TH,0.8,unclear
speechocean762,test,1833,054060126.wav,speechocean_5406,f,11,AND I WAS AFRAID OF YOUR COUSIN TOO,was,z,Z,2.0,clear
speechocean762,test,2207,096010009.wav,speechocean_9601,m,25,AND THEN THERE WAS SILENCE FOR A MOMENT OR TWO.,silence,s,S,0.0,unclear
speechocean762,train,1922,070010003.wav,speechocean_7001,m,26,PLUS THE KIDS REALLY LIKE THE DOGS,really,r,R,2.0,clear
speechocean762,test,1907,060670041.wav,speechocean_6067,f,12,IS SHE YOUNG AND PRETTY,pretty,r,R,2.0,clear
speechocean762,test,974,014650088.wav,speechocean_1465,m,8,NEIL LIKES YOUR RED GROW WUSS,wuss,s,S,2.0,clear
speechocean762,test,588,010460066.wav,speechocean_1046,m,7,DOES LAYLA LIKES THE FOOD FRIES,likes,s,S,2.0,clear
speechocean762,train,2450,096450012.wav,speechocean_9645,f,20,"BETTER THAN OTHER GIRLS, THAT'S FOR SURE.",for,r,R,2.0,clear
speechocean762,test,562,010390039.wav,speechocean_1039,m,38,WELL LET'S TAKE A LOOK,let's,s,S,2.0,clear
speechocean762,train,2213,096130014.wav,speechocean_9613,f,33,"HE WAS, HE ADMITTED, NEVER VERY GOOD WITH HIS HANDS.",his,z,Z,0.4,unclear
speechocean762,train,2246,096150011.wav,speechocean_9615,f,21,"THIS GIRL, SHE WAS EVERYTHING I NEVER WAS.",everything,th,TH,1.8,clear
speechocean762,train,2306,096240007.wav,speechocean_9624,m,29,THAT IS THE WAY WE MUST BE IN THIS BUSINESS.,business,s,S,0.8,unclear
speechocean762,train,263,001310061.wav,speechocean_0131,m,7,DOES MIKE LIKE THE BEEF,does,z,Z,2.0,clear
speechocean762,train,2042,090700019.wav,speechocean_9070,f,15,I MUST START AT ONCE,must,s,S,2.0,clear
speechocean762,train,495,010270354.wav,speechocean_1027,m,37,I THINK IT'S QUITE PROPER,think,th,TH,2.0,clear
speechocean762,test,1318,024380363.wav,speechocean_2438,f,21,I WAS NOT LEFT DRIFTING,was,z,Z,1.8,clear
speechocean762,train,2020,090340002.wav,speechocean_9034,f,15,ALL THE REST YOU WILL SEE LATER FOR YOURSELF,yourself,s,S,2.0,clear
speechocean762,train,1334,027990264.wav,speechocean_2799,f,20,I WILL NOT HESITATE TO CALL THE POLICE,hesitate,z,Z,2.0,clear
speechocean762,test,2101,091070033.wav,speechocean_9107,m,15,SHE IS SO GENTLE AND SWEET,sweet,s,S,2.0,clear
speechocean762,test,2402,096310003.wav,speechocean_9631,m,26,THERE WAS SOMETHING IN FRONT OF HER.,something,th,TH,0.0,unclear
speechocean762,train,1213,023800298.wav,speechocean_2380,f,21,PLANTS GROW TO THE SIZE OF THE POT,size,s,S,2.0,clear
speechocean762,train,1851,061210109.wav,speechocean_6121,f,11,I PASS HALF MY LIFE IN THE WOODS,woods,z,Z,2.0,clear
speechocean762,train,377,005750321.wav,speechocean_0575,f,19,THEY PASS INTO THE STREET,pass,s,S,2.0,clear
speechocean762,test,224,001140054.wav,speechocean_0114,m,6,THREE FOUR THREE NINE,three,r,R,2.0,clear
speechocean762,test,558,010370352.wav,speechocean_1037,m,35,YOU JUST HAD TO LEARN TO IGNORE THEM,just,s,S,2.0,clear
speechocean762,test,648,010750043.wav,speechocean_1075,m,7,TWO ZERO ONE SEVEN,zero,z,Z,1.8,clear
speechocean762,test,1557,030120163.wav,speechocean_3012,m,9,I WAS GLAD FOR IT,was,z,Z,1.8,clear
speechocean762,test,2482,096470004.wav,speechocean_9647,f,20,THIS WAS LIKE STRIKING THEIR FLAG.,striking,r,R,0.4,unclear
speechocean762,test,945,014220044.wav,speechocean_1422,m,7,FOUR FIVE ZERO THREE,three,r,R,0.0,unclear
speechocean762,train,2293,096190014.wav,speechocean_9619,m,24,THIS IS THE ONLY PLACE WHERE YOU WILL BE SAFE.,place,s,S,0.4,unclear
speechocean762,train,1928,070010009.wav,speechocean_7001,m,26,SUCCESSFUL FIRST DAY FOR COLLEGE,successful,s,S,0.8,unclear
speechocean762,train,636,011970145.wav,speechocean_1197,m,7,JACK LIKES THE SCIENCE CLASS AT SCHOOL,school,s,S,2.0,clear
speechocean762,test,962,014650032.wav,speechocean_1465,m,8,SIX SEVEN EIGHT NINE,seven,s,S,2.0,clear
speechocean762,test,1456,028920242.wav,speechocean_2892,m,24,WANT TO GET RID OF THOSE DARK SPOTS,those,z,Z,1.8,clear
speechocean762,train,691,013090181.wav,speechocean_1309,m,31,COME BACK TO THE PARTY MAN,party,r,R,2.0,clear
speechocean762,test,754,011560275.wav,speechocean_1156,m,33,TAKING A WALK TO THE STORE,store,r,R,2.0,clear
speechocean762,train,2230,096140012.wav,speechocean_9614,f,28,I ASKED AS SHE CLOSED THE DOOR.,asked,s,S,0.0,unclear
speechocean762,train,1051,021700232.wav,speechocean_2170,f,22,THEY ARE STILL VERY MUCH U S CITIZENS,very,r,R,2.0,clear
speechocean762,test,2495,096470019.wav,speechocean_9647,f,20,MY FATHER'S VOICE SOUNDED TENSE.,tense,s,S,0.4,unclear
speechocean762,train,606,010920043.wav,speechocean_1092,m,8,FOUR THREE SEVEN ZERO,three,r,R,2.0,clear
speechocean762,test,1873,054320099.wav,speechocean_5432,f,11,MONTHS AND MONTHS PASSED AWAY WITHOUT ANY CHANGE,months,th,TH,2.0,clear
speechocean762,test,1907,060670041.wav,speechocean_6067,f,12,IS SHE YOUNG AND PRETTY,is,z,Z,2.0,clear
speechocean762,train,2034,090340126.wav,speechocean_9034,f,15,I AM NO LONGER A PARTNER IN THE HOUSE,partner,r,R,2.0,clear
speechocean762,train,975,020610302.wav,speechocean_2061,f,20,QUESTION IS WHERE DO YOU LAND,where,r,R,2.0,clear
speechocean762,test,2461,096400002.wav,speechocean_9640,f,29,NOT A LIVING CREATURE WAS VISIBLE.,creature,r,R,0.4,unclear
speechocean762,test,2396,096290020.wav,speechocean_9629,f,25,SHE STOPPED WHERE SHE WAS AND LOOKED AROUND.,was,z,Z,1.8,clear
speechocean762,train,1642,051950018.wav,speechocean_5195,f,10,THERE WAS A GREAT SURPRISE IN HER FACE ALSO,great,r,R,2.0,clear
speechocean762,test,2048,085840077.wav,speechocean_8584,f,15,LOOK NOW AT THE PATH BELOW US,us,s,S,2.0,clear
speechocean762,train,2495,096490016.wav,speechocean_9649,m,20,THROUGH HEARING ONLY HIS VOICE.,through,th,TH,0.0,unclear
speechocean762,train,1301,026210047.wav,speechocean_2621,m,19,YOU TRY NOT TO THINK ABOUT THOSE KIND OF THINGS,things,th,TH,2.0,clear
speechocean762,test,2495,096470019.wav,speechocean_9647,f,20,MY FATHER'S VOICE SOUNDED TENSE.,voice,s,S,0.8,unclear
speechocean762,test,39,000240352.wav,speechocean_0024,f,25,I FOUND I HAD NO NEED TO THINK,think,th,TH,2.0,clear
speechocean762,test,2067,090880095.wav,speechocean_9088,f,15,AMERICA'S GOING THROUGH JUST ABOUT THE SAME EXPERIENCE AS MYSELF,myself,s,S,2.0,clear
speechocean762,train,2138,096060020.wav,speechocean_9606,f,21,"I ASKED, AS HE MADE A LONG PAUSE.",pause,z,Z,0.0,unclear
speechocean762,train,492,010270306.wav,speechocean_1027,m,37,THEN HE RETURNED TO HER AND DEMANDED SOMETHING TO EAT,something,th,TH,2.0,clear
speechocean762,train,2159,096070024.wav,speechocean_9607,f,21,"SHE WAS NOTHING BUT A MURDERER, AFTER ALL.",nothing,th,TH,2.0,clear
speechocean762,train,2481,096490002.wav,speechocean_9649,m,20,HE LOOKED AROUND THE HOTEL RESTAURANT.,around,r,R,0.0,unclear
speechocean762,train,1979,080020020.wav,speechocean_8002,m,23,IT WAS DIFFICULT TO GET THERE,was,z,Z,1.8,clear
speechocean762,train,1023,021680052.wav,speechocean_2168,f,20,STRESS AFTER ALL IS THE ROOT OF DISEASE,is,z,Z,1.8,clear
speechocean762,test,526,010300153.wav,speechocean_1030,m,27,REALITY IS THE LEADING CAUSE OF STRESS,reality,r,R,2.0,clear
speechocean762,test,1690,036310098.wav,speechocean_3631,f,9,LOVE YOUR PARENTS YOUNG ONES,ones,z,Z,1.8,clear
speechocean762,test,192,001120119.wav,speechocean_0112,f,6,SO ALICE WENT INTO THE LIVING ROOM,room,r,R,2.0,clear
speechocean762,train,2084,096000006.wav,speechocean_9600,f,28,IT WAS LIKE THEY WERE LOST OR SOMETHING.,something,th,TH,1.8,clear
speechocean762,train,2156,096070021.wav,speechocean_9607,f,21,HE STILL HAD TO MAKE IT THROUGH THE NIGHT.,through,r,R,0.4,unclear
speechocean762,train,489,010270268.wav,speechocean_1027,m,37,I WANT TO BE ABLE TO START MY OWN PROJECTS,projects,r,R,2.0,clear
speechocean762,train,992,020890267.wav,speechocean_2089,f,20,BEST TWO MONTHS OF THE YEAR,months,s,S,1.8,clear
speechocean762,test,1425,027400146.wav,speechocean_2740,m,20,THANK YOU SO MUCH TO YOU AND THE TEAM,so,s,S,2.0,clear
speechocean762,test,954,014220115.wav,speechocean_1422,m,7,THEN ALISA WALKED TO GARDEN,alisa,s,S,0.4,unclear
speechocean762,train,287,001350180.wav,speechocean_0135,f,20,ITS TOO MANY FISH IN THE SEA TO BE JEALOUS,sea,s,S,2.0,clear
speechocean762,test,653,010750097.wav,speechocean_1075,m,7,MARY GOT ON THE TRAIN,train,r,R,2.0,clear
speechocean762,train,2445,096450006.wav,speechocean_9645,f,20,"FINALLY, SHE TURNED AND FACED HIM.",faced,s,S,0.0,unclear
speechocean762,test,2456,096350024.wav,speechocean_9635,f,24,IT WAS NOT HER PLACE TO SAY ANYTHING.,anything,th,TH,1.8,clear
speechocean762,train,2115,096040019.wav,speechocean_9604,f,21,THEY WALKED SLOWLY TO THE VERY END OF IT.,very,r,R,0.0,unclear
speechocean762,test,1853,054280109.wav,speechocean_5428,f,11,THEY MUST FIND A ROOM FOR ME,must,s,S,2.0,clear
speechocean762,test,897,014040148.wav,speechocean_1404,m,7,HE LIKES THE FAMOUS CITY SYDNEY,city,s,S,0.8,unclear
speechocean762,train,2016,085850138.wav,speechocean_8585,m,15,AS OF US WE COULD HAVE SHOUTED ALONG,as,z,Z,2.0,clear
speechocean762,test,1558,030120165.wav,speechocean_3012,m,9,TAKE CAR HOW YOU GO,car,r,R,2.0,clear
speechocean762,test,270,001220101.wav,speechocean_0122,m,6,LOOK AT LISA SCARF,scarf,r,R,2.0,clear
speechocean762,test,2239,096080027.wav,speechocean_9608,f,30,YOU HAVE TO CHANGE WITH THEM OR BE LEFT BEHIND.,with,th,TH,0.0,unclear
speechocean762,train,2044,090700045.wav,speechocean_9070,f,15,AN IMPORTANT PRODUCT SUCH AS THIS,such,s,S,2.0,clear
speechocean762,test,2170,095550092.wav,speechocean_9555,f,15,DO ANYTHING BUT COME DOWNSTAIRS WITH ME,anything,th,TH,1.8,clear
speechocean762,test,2032,085810116.wav,speechocean_8581,f,15,HERE WAS THE ONE THING SHE HAD TO DO NOW,thing,th,TH,1.8,clear
speechocean762,test,956,014220142.wav,speechocean_1422,m,7,ANDY IS NOT A REAL POLICE,police,s,S,0.0,unclear
speechocean762,train,694,013090202.wav,speechocean_1309,m,31,WHERE ARE THE BELLES FROM,belles,z,Z,2.0,clear
speechocean762,train,569,010440093.wav,speechocean_1044,f,7,HERE IS LAYLA'S CLOTH,layla's,z,Z,1.8,clear
speechocean762,train,2288,096190009.wav,speechocean_9619,m,24,YOU REALLY THINK YOU ARE GOING TO DEFEAT ME?,really,r,R,2.0,clear
speechocean762,test,564,010390064.wav,speechocean_1039,m,38,IT'S THE BEST THING YOU CAN DO,best,s,S,2.0,clear
speechocean762,train,125,000530037.wav,speechocean_0053,f,6,FOUR THREE FOUR TWO,three,th,TH,1.8,clear
speechocean762,test,2046,085840072.wav,speechocean_8584,f,15,HE MAY BE ABLE TO TELL YOU SOMETHING,something,th,TH,1.8,clear
speechocean762,train,1696,054010136.wav,speechocean_5401,m,11,THESE ARE THINGS WHICH A MAN CANNOT FORGET,things,th,TH,1.8,clear
speechocean762,test,2230,096080015.wav,speechocean_9608,f,30,SHE HAVE TO MAKE UP THINGS IF EVER.,things,z,Z,0.4,unclear
speechocean762,train,1283,024500095.wav,speechocean_2450,f,19,WE ALL KNOW THIS IS A TOUGH RACE TRACK,track,r,R,2.0,clear
speechocean762,test,2376,096260019.wav,speechocean_9626,m,37,IT WAS TOO DARK TO SEE WHO IT WAS.,was,z,Z,0.0,unclear
speechocean762,train,1642,051950018.wav,speechocean_5195,f,10,THERE WAS A GREAT SURPRISE IN HER FACE ALSO,also,s,S,2.0,clear
speechocean762,test,2327,096220008.wav,speechocean_9622,f,20,THIS WAS NO TIME TO THINK ABOUT THE REAL WORLD.,think,th,TH,2.0,clear
speechocean762,test,893,014040111.wav,speechocean_1404,m,7,MIKE WAS WALKING TO SCIENCE MUSEUM,museum,z,Z,0.0,unclear
speechocean762,test,1712,050150142.wav,speechocean_5015,m,10,SHE COULD HAVE DONE SO,so,s,S,2.0,clear
speechocean762,test,2465,096400008.wav,speechocean_9640,f,29,"DEATH SHOULD BE VEILED, THE GRAVE SHOULD HAVE ITS RESERVE.",death,th,TH,0.0,unclear
speechocean762,train,1299,024500363.wav,speechocean_2450,f,19,THERE'S NOTHING TO DO BUT GET DRUNK,nothing,th,TH,1.8,clear
speechocean762,test,1523,030070022.wav,speechocean_3007,m,10,WHAT WAS THE TIME NOW,was,z,Z,1.8,clear
speechocean762,train,2484,096490005.wav,speechocean_9649,m,20,"SHE WHISPERED, ANGRY AT HER LOSS OF CONTROL.",angry,r,R,0.0,unclear
speechocean762,test,547,010370204.wav,speechocean_1037,m,35,HOPING FOR A GREAT CAMPAIGN,great,r,R,2.0,clear
speechocean762,train,1239,024020337.wav,speechocean_2402,f,21,I WISH YOU TO TAKE CARE OF THESE TWO LETTERS,these,z,Z,1.8,clear
speechocean762,train,2112,096040015.wav,speechocean_9604,f,21,THAT WAS WHEN HE SAW IT.,saw,s,S,0.0,unclear
speechocean762,train,2176,096090024.wav,speechocean_9609,m,27,SHE HAD ALWAYS THOUGHT OF ME AS AN ENEMY.,as,z,Z,0.8,unclear
speechocean762,test,2220,096080003.wav,speechocean_9608,f,30,YOU MUST NOT THINK OF THE PAST NOW.,must,s,S,0.8,unclear
speechocean762,test,2419,096310020.wav,speechocean_9631,m,26,HE WAS NEVER EVEN IN THE ROOM.,room,r,R,0.8,unclear
speechocean762,train,2427,096430009.wav,speechocean_9643,f,25,TO RESTORE YOUR LOST ENERGY.,lost,s,S,2.0,clear
speechocean762,train,1503,030830021.wav,speechocean_3083,f,10,AND HOW ARE THINGS GOING ON HAIR NOW,hair,r,R,2.0,clear
speechocean762,train,2213,096130014.wav,speechocean_9613,f,33,"HE WAS, HE ADMITTED, NEVER VERY GOOD WITH HIS HANDS.",very,r,R,0.0,unclear
speechocean762,test,2355,096230017.wav,speechocean_9623,m,21,I WAS TIRED AND HAD OTHER THINGS ON MY MIND.,things,th,TH,2.0,clear
speechocean762,train,1779,054240152.wav,speechocean_5424,f,11,NO ONE SAW IT FOR A MOMENT OR SO,so,s,S,2.0,clear
speechocean762,train,538,010330345.wav,speechocean_1033,m,30,GIVE ME SOMETHING TO GO ON,something,th,TH,2.0,clear
speechocean762,test,2069,090880120.wav,speechocean_9088,f,15,THINK OF ME AS THROUGH I WERE YOU SISTER,think,th,TH,2.0,clear
speechocean762,test,2272,096120013.wav,speechocean_9612,f,20,"I AM A PLAIN MAN, AND SAY WHAT I THINK.",say,s,S,2.0,clear
speechocean762,train,741,013720051.wav,speechocean_1372,f,21,THAT WAS CERTAINLY AS TOUGH DAY IN MY LIFE,was,z,Z,1.8,clear
speechocean762,test,1256,022520358.wav,speechocean_2252,m,20,HER MOTHER HER MOUTH WAS VERY CLOSE TO HIS MOUTH,very,r,R,2.0,clear
speechocean762,test,1210,021120171.wav,speechocean_2112,f,20,THREW A PARTY OF COURSE,threw,th,TH,2.0,clear
speechocean762,test,1339,024410377.wav,speechocean_2441,f,19,WHAT'S WRONG WITH YOUR EYES,wrong,r,R,2.0,clear
speechocean762,test,1324,024410110.wav,speechocean_2441,f,19,HE WOULD REACH BACK AND GET A LITTLE SOMETHING EXTRA,something,th,TH,2.0,clear
speechocean762,train,900,020340016.wav,speechocean_2034,m,8,MINDER IS GOING TO SEE SPARE,spare,r,R,0.6,unclear
speechocean762,train,1238,024020328.wav,speechocean_2402,f,21,HE WAS TWENTY WHEN HE LEARNED THE TRUTH ABOUT HIMSELF,was,z,Z,1.8,clear
speechocean762,train,2173,096090020.wav,speechocean_9609,m,27,BUT EVEN THAT IS PUTTING HER WILL FIRST.,first,s,S,0.0,unclear
speechocean762,test,2159,095530173.wav,speechocean_9553,f,15,I WANT THE TRUTH THE TRUTH,truth,th,TH,2.0,clear
speechocean762,test,1386,024880176.wav,speechocean_2488,f,21,BECAUSE IS THE RIGHT THING TO DO,thing,th,TH,2.0,clear
speechocean762,train,476,010120303.wav,speechocean_1012,m,29,DOING THE LITTLE THINGS CAN MAKE A BIG DIFFERENCE,difference,s,S,2.0,clear
